,VaR(95%),Historical Volatility,Rolling Volatitlity
2019-01-02 00:00:00,1715.478911254856,,
2019-01-03 00:00:00,1715.478911254856,,
2019-01-04 00:00:00,1715.478911254856,,
2019-01-07 00:00:00,1715.478911254856,,
2019-01-08 00:00:00,1715.478911254856,,
2019-01-09 00:00:00,1715.478911254856,,
2019-01-10 00:00:00,1715.478911254856,,
2019-01-11 00:00:00,1715.478911254856,,
2019-01-14 00:00:00,1715.478911254856,,
2019-01-15 00:00:00,1715.478911254856,,
2019-01-16 00:00:00,1715.478911254856,,
2019-01-17 00:00:00,1715.478911254856,,
2019-01-18 00:00:00,1715.478911254856,,
2019-01-21 00:00:00,1715.478911254856,,
2019-01-22 00:00:00,1715.478911254856,,
2019-01-23 00:00:00,1715.478911254856,,
2019-01-24 00:00:00,1715.478911254856,,
2019-01-25 00:00:00,1715.478911254856,,
2019-01-28 00:00:00,1715.478911254856,,
2019-01-29 00:00:00,1715.478911254856,,
2019-01-30 00:00:00,1715.478911254856,,0.1422931001298301
2019-01-31 00:00:00,1715.478911254856,,0.16003412078062532
2019-02-01 00:00:00,1715.478911254856,,0.15623741820260575
2019-02-04 00:00:00,1715.478911254856,,0.15385686433969523
2019-02-05 00:00:00,1715.478911254856,,0.15368284171630836
2019-02-06 00:00:00,1715.478911254856,,0.1533974826134745
2019-02-07 00:00:00,1715.478911254856,,0.15484844126906191
2019-02-08 00:00:00,1715.478911254856,,0.15844588445562016
2019-02-11 00:00:00,1715.478911254856,,0.1520080814552724
2019-02-12 00:00:00,1715.478911254856,,0.15617785121442754
2019-02-14 00:00:00,1715.478911254856,,0.14270729740719576
2019-02-15 00:00:00,1715.478911254856,,0.14282075771997818
2019-02-18 00:00:00,1715.478911254856,,0.1554706785260059
2019-02-19 00:00:00,1715.478911254856,,0.16876027101522534
2019-02-20 00:00:00,1715.478911254856,,0.1653684290805317
2019-02-21 00:00:00,1715.478911254856,,0.16508480048029472
2019-02-22 00:00:00,1715.478911254856,,0.15737753443828975
2019-02-25 00:00:00,1715.478911254856,,0.17057650309814604
2019-02-26 00:00:00,1715.478911254856,,0.1706230136317456
2019-02-27 00:00:00,1715.478911254856,,0.17063399587651984
2019-02-28 00:00:00,1715.478911254856,,0.17897405352432158
2019-03-01 00:00:00,1715.478911254856,,0.17823133004914674
2019-03-05 00:00:00,1715.478911254856,,0.15901067057417367
2019-03-06 00:00:00,1715.478911254856,,0.15650347882497728
2019-03-07 00:00:00,1715.478911254856,,0.1518622759162436
2019-03-08 00:00:00,1715.478911254856,,0.15190052542697213
2019-03-11 00:00:00,1715.478911254856,,0.14596554057236016
2019-03-12 00:00:00,1715.478911254856,,0.14816581646382074
2019-03-13 00:00:00,1715.478911254856,,0.14877456087065427
2019-03-14 00:00:00,1715.478911254856,,0.1491342044401116
2019-03-15 00:00:00,1715.478911254856,,0.15450077825100275
2019-03-18 00:00:00,1715.478911254856,,0.14897293074342124
2019-03-19 00:00:00,1715.478911254856,,0.15088544909243692
2019-03-20 00:00:00,1715.478911254856,,0.13828124848393356
2019-03-22 00:00:00,1715.478911254856,,0.11945612829571656
2019-03-25 00:00:00,1715.478911254856,,0.12034366553516906
2019-03-26 00:00:00,1715.478911254856,,0.12080701733943425
2019-03-27 00:00:00,1715.478911254856,,0.12305464419144807
2019-03-28 00:00:00,1715.478911254856,,0.10650533143243458
2019-04-01 00:00:00,1715.478911254856,,0.11792160998529831
2019-04-02 00:00:00,1715.478911254856,,0.11933249633569408
2019-04-03 00:00:00,1715.478911254856,,0.10493556420182167
2019-04-04 00:00:00,1715.478911254856,,0.125918152706832
2019-04-05 00:00:00,1715.478911254856,,0.130139564582484
2019-04-08 00:00:00,1715.478911254856,,0.12969573131414786
2019-04-09 00:00:00,1715.478911254856,,0.12969913063285882
2019-04-10 00:00:00,1715.478911254856,,0.14542305321354862
2019-04-11 00:00:00,1715.478911254856,,0.14620760678360922
2019-04-12 00:00:00,1715.478911254856,,0.14523669460327893
2019-04-15 00:00:00,1715.478911254856,,0.15043544762791275
2019-04-16 00:00:00,1715.478911254856,,0.14959816320242655
2019-04-18 00:00:00,1715.478911254856,,0.1443768490618947
2019-04-22 00:00:00,1715.478911254856,,0.1454341559613711
2019-04-23 00:00:00,1715.478911254856,,0.1434472198269893
2019-04-24 00:00:00,1715.478911254856,,0.14924486235401732
2019-04-25 00:00:00,1715.478911254856,,0.14767736766048084
2019-04-26 00:00:00,1715.478911254856,,0.1498363596345128
2019-04-30 00:00:00,1715.478911254856,,0.1525346011599657
2019-05-02 00:00:00,1715.478911254856,,0.15529688810154021
2019-05-03 00:00:00,1715.478911254856,,0.16420816406171426
2019-05-06 00:00:00,1715.478911254856,,0.15615318453993648
2019-05-07 00:00:00,1715.478911254856,,0.15468428099017179
2019-05-08 00:00:00,1715.478911254856,,0.1570841360228702
2019-05-09 00:00:00,1715.478911254856,,0.1452683700087058
2019-05-10 00:00:00,1715.478911254856,,0.14157068570368883
2019-05-13 00:00:00,1715.478911254856,,0.14172047133791812
2019-05-14 00:00:00,1715.478911254856,,0.14176429457382625
2019-05-15 00:00:00,1715.478911254856,,0.12974277566267317
2019-05-16 00:00:00,1715.478911254856,,0.1354004148990025
2019-05-17 00:00:00,1715.478911254856,,0.13539838497844803
2019-05-20 00:00:00,1715.478911254856,,0.14915040439360705
2019-05-21 00:00:00,1715.478911254856,,0.15398552088836903
2019-05-22 00:00:00,1715.478911254856,,0.15355747767325353
2019-05-23 00:00:00,1715.478911254856,,0.1617832717022161
2019-05-24 00:00:00,1715.478911254856,,0.16333966543535167
2019-05-27 00:00:00,1715.478911254856,,0.15430180083312636
2019-05-28 00:00:00,1715.478911254856,,0.16104954618876027
2019-05-29 00:00:00,1715.478911254856,,0.15261998180294495
2019-05-30 00:00:00,1715.478911254856,,0.1543310345439604
2019-05-31 00:00:00,1715.478911254856,,0.1550968947824773
2019-06-03 00:00:00,1715.478911254856,,0.15563427972427155
2019-06-04 00:00:00,1715.478911254856,,0.1609735643608126
2019-06-06 00:00:00,1715.478911254856,,0.16314924403563796
2019-06-07 00:00:00,1715.478911254856,,0.15979065426581646
2019-06-10 00:00:00,1715.478911254856,,0.1635103680026603
2019-06-11 00:00:00,1715.478911254856,,0.15973864608749527
2019-06-12 00:00:00,1715.478911254856,,0.15839100906073397
2019-06-13 00:00:00,1715.478911254856,,0.15667306296690495
2019-06-14 00:00:00,1715.478911254856,,0.15781557457161574
2019-06-17 00:00:00,1715.478911254856,,0.15823063247300667
2019-06-18 00:00:00,1715.478911254856,,0.15799195748366288
2019-06-19 00:00:00,1715.478911254856,,0.14038309969080218
2019-06-20 00:00:00,1715.478911254856,,0.13435758909370654
2019-06-21 00:00:00,1715.478911254856,,0.13855377142759664
2019-06-24 00:00:00,1715.478911254856,,0.12323355311503231
2019-06-25 00:00:00,1715.478911254856,,0.12302690554971325
2019-06-26 00:00:00,1715.478911254856,,0.12385627050444337
2019-06-27 00:00:00,1715.478911254856,,0.12221351896483833
2019-06-28 00:00:00,1715.478911254856,,0.12651828046097602
2019-07-01 00:00:00,1715.478911254856,,0.12164063216591124
2019-07-02 00:00:00,1715.478911254856,,0.12035782453244334
2019-07-03 00:00:00,1715.478911254856,,0.10725675361164104
2019-07-04 00:00:00,1715.478911254856,,0.09920306534285409
2019-07-05 00:00:00,1715.478911254856,,0.12358416216797483
2019-07-08 00:00:00,1715.478911254856,,0.12350137882655296
2019-07-09 00:00:00,1715.478911254856,,0.11476652523990578
2019-07-10 00:00:00,1715.478911254856,,0.11136689694179944
2019-07-11 00:00:00,1715.478911254856,,0.11235828530362324
2019-07-12 00:00:00,1715.478911254856,,0.11279527397063918
2019-07-15 00:00:00,1715.478911254856,,0.14106669133551417
2019-07-16 00:00:00,1715.478911254856,,0.1395286702480548
2019-07-17 00:00:00,1715.478911254856,,0.13990446812508492
2019-07-18 00:00:00,1715.478911254856,,0.14409694660152145
2019-07-19 00:00:00,1715.478911254856,,0.1411333156112301
2019-07-22 00:00:00,1715.478911254856,,0.13888115487355956
2019-07-23 00:00:00,1715.478911254856,,0.13874599993787545
2019-07-24 00:00:00,1715.478911254856,,0.13714848530617207
2019-07-25 00:00:00,1715.478911254856,,0.1388482165427668
2019-07-26 00:00:00,1715.478911254856,,0.14032006690308926
2019-07-29 00:00:00,1715.478911254856,,0.1384215694917324
2019-07-30 00:00:00,1715.478911254856,,0.13674802573424336
2019-07-31 00:00:00,1715.478911254856,,0.13424904896651574
2019-08-01 00:00:00,1715.478911254856,,0.138899697296108
2019-08-02 00:00:00,1715.478911254856,,0.14202385995847458
2019-08-05 00:00:00,1715.478911254856,,0.11986293850729393
2019-08-06 00:00:00,1715.478911254856,,0.12138306624357206
2019-08-07 00:00:00,1715.478911254856,,0.11961488813460686
2019-08-08 00:00:00,1715.478911254856,,0.14327934310691137
2019-08-09 00:00:00,1715.478911254856,,0.14375874193476387
2019-08-13 00:00:00,1715.478911254856,,0.1453901825908837
2019-08-14 00:00:00,1715.478911254856,,0.12385283645817331
2019-08-16 00:00:00,1715.478911254856,,0.12688346661369398
2019-08-19 00:00:00,1715.478911254856,,0.12600331121033767
2019-08-20 00:00:00,1715.478911254856,,0.12311747240031035
2019-08-21 00:00:00,1715.478911254856,,0.12148953078767381
2019-08-22 00:00:00,1715.478911254856,,0.12254578489887816
2019-08-23 00:00:00,1715.478911254856,,0.12674006156397355
2019-08-26 00:00:00,1715.478911254856,,0.13169991183749727
2019-08-27 00:00:00,1715.478911254856,,0.13769176028855235
2019-08-28 00:00:00,1715.478911254856,,0.1330125399684493
2019-08-29 00:00:00,1715.478911254856,,0.13473863685162007
2019-08-30 00:00:00,1715.478911254856,,0.13590068470243852
2019-09-03 00:00:00,1715.478911254856,,0.14057850125873053
2019-09-04 00:00:00,1715.478911254856,,0.13262963498604752
2019-09-05 00:00:00,1715.478911254856,,0.13184793008004575
2019-09-06 00:00:00,1715.478911254856,,0.1315366036128239
2019-09-09 00:00:00,1715.478911254856,,0.12976270240786092
2019-09-11 00:00:00,1715.478911254856,,0.13114385253011218
2019-09-12 00:00:00,1715.478911254856,,0.10794436095523462
2019-09-13 00:00:00,1715.478911254856,,0.10886952278806275
2019-09-16 00:00:00,1715.478911254856,,0.10751963224622643
2019-09-17 00:00:00,1715.478911254856,,0.10919142846496066
2019-09-18 00:00:00,1715.478911254856,,0.10558122451956219
2019-09-19 00:00:00,1715.478911254856,,0.11266442741305242
2019-09-20 00:00:00,1715.478911254856,,0.12761706034800915
2019-09-23 00:00:00,1715.478911254856,,0.13505226495066885
2019-09-24 00:00:00,1715.478911254856,,0.15098929284217105
2019-09-25 00:00:00,1715.478911254856,,0.14786684045458207
2019-09-26 00:00:00,1715.478911254856,,0.1403656766320168
2019-09-27 00:00:00,1715.478911254856,,0.13636487768016717
2019-09-30 00:00:00,1715.478911254856,,0.14580102969936526
2019-10-01 00:00:00,1715.478911254856,,0.14961757139510323
2019-10-03 00:00:00,1715.478911254856,,0.14819853526073937
2019-10-04 00:00:00,1715.478911254856,,0.14497225381922998
2019-10-07 00:00:00,1715.478911254856,,0.14602879537945918
2019-10-09 00:00:00,1715.478911254856,,0.14623469823158758
2019-10-10 00:00:00,1715.478911254856,,0.1458458396154955
2019-10-11 00:00:00,1715.478911254856,,0.14599747723508621
2019-10-14 00:00:00,1715.478911254856,,0.1447327782909567
2019-10-15 00:00:00,1715.478911254856,,0.14315820486338093
2019-10-16 00:00:00,1715.478911254856,,0.14208064050169442
2019-10-17 00:00:00,1715.478911254856,,0.14409868303920956
2019-10-18 00:00:00,1715.478911254856,,0.14214514450407797
2019-10-22 00:00:00,1715.478911254856,,0.20486792346109334
2019-10-23 00:00:00,1715.478911254856,,0.20229013015364494
2019-10-24 00:00:00,1715.478911254856,,0.1914427044596138
2019-10-25 00:00:00,1715.478911254856,,0.18716413923104064
2019-10-27 00:00:00,1715.478911254856,,0.1751470886663939
2019-10-29 00:00:00,1715.478911254856,,0.18693536614848133
2019-10-30 00:00:00,1715.478911254856,,0.19433326279657046
2019-10-31 00:00:00,1715.478911254856,,0.19434890268169167
2019-11-01 00:00:00,1715.478911254856,,0.19203451380996495
2019-11-04 00:00:00,1715.478911254856,,0.1885140576762912
2019-11-05 00:00:00,1715.478911254856,,0.18761881172906858
2019-11-06 00:00:00,1715.478911254856,,0.18780938002816383
2019-11-07 00:00:00,1715.478911254856,,0.1856668230340603
2019-11-08 00:00:00,1715.478911254856,,0.19660476435741994
2019-11-11 00:00:00,1715.478911254856,,0.19811897660179745
2019-11-13 00:00:00,1715.478911254856,,0.20227118490895102
2019-11-14 00:00:00,1715.478911254856,,0.20398166140241566
2019-11-15 00:00:00,1715.478911254856,,0.20461513394783554
2019-11-18 00:00:00,1715.478911254856,,0.20697600596065377
2019-11-19 00:00:00,1715.478911254856,,0.2057177109001246
2019-11-20 00:00:00,1715.478911254856,,0.20442630643580048
2019-11-21 00:00:00,1715.478911254856,,0.1358874648094608
2019-11-22 00:00:00,1715.478911254856,,0.15176188591194137
2019-11-25 00:00:00,1715.478911254856,,0.15248716042322089
2019-11-26 00:00:00,1715.478911254856,,0.15561908045273337
2019-11-27 00:00:00,1715.478911254856,,0.15570574834591824
2019-11-28 00:00:00,1715.478911254856,,0.14255552101290928
2019-11-29 00:00:00,1715.478911254856,,0.1342836267825302
2019-12-02 00:00:00,1715.478911254856,,0.13251853803200864
2019-12-03 00:00:00,1715.478911254856,,0.12984329787612345
2019-12-04 00:00:00,1715.478911254856,,0.1295565052002881
2019-12-05 00:00:00,1715.478911254856,,0.13225145225846238
2019-12-06 00:00:00,1715.478911254856,,0.13132894317094537
2019-12-09 00:00:00,1715.478911254856,,0.13313408096410584
2019-12-10 00:00:00,1715.478911254856,,0.12471209067384213
2019-12-11 00:00:00,1715.478911254856,,0.125013883364047
2019-12-12 00:00:00,1715.478911254856,,0.11820006542120898
2019-12-13 00:00:00,1715.478911254856,,0.12381355623513128
2019-12-16 00:00:00,1715.478911254856,,0.12669156639483195
2019-12-17 00:00:00,1715.478911254856,,0.13186678465024698
2019-12-18 00:00:00,1715.478911254856,,0.13308280953455107
2019-12-19 00:00:00,1715.478911254856,,0.13877793060021526
2019-12-20 00:00:00,1715.478911254856,,0.1389952181765171
2019-12-23 00:00:00,1715.478911254856,,0.12129342425176504
2019-12-24 00:00:00,1715.478911254856,,0.12617384704682585
2019-12-26 00:00:00,1715.478911254856,,0.12849976637114383
2019-12-27 00:00:00,1715.478911254856,,0.1288740939428821
2019-12-30 00:00:00,1715.478911254856,,0.1290003447007678
2019-12-31 00:00:00,1715.478911254856,,0.13053656037503805
2020-01-01 00:00:00,1715.478911254856,,0.12884582299939293
2020-01-02 00:00:00,1715.478911254856,,0.1283434271332156
2020-01-03 00:00:00,1715.478911254856,,0.12983930683167907
2020-01-06 00:00:00,1715.478911254856,,0.13462975189050114
2020-01-07 00:00:00,1715.478911254856,,0.13496567049091762
2020-01-08 00:00:00,1715.478911254856,,0.1301727894547087
2020-01-09 00:00:00,1715.478911254856,,0.12381054106092775
2020-01-10 00:00:00,1715.478911254856,,0.12281896320906735
2020-01-13 00:00:00,1715.478911254856,,0.11976110793614317
2020-01-14 00:00:00,1715.478911254856,,0.11243743113756773
2020-01-15 00:00:00,1715.478911254856,,0.11072971047963444
2020-01-16 00:00:00,1715.478911254856,,0.10215752855082402
2020-01-17 00:00:00,1715.478911254856,,0.10037333726562254
2020-01-20 00:00:00,1715.478911254856,,0.10914884340502763
2020-01-21 00:00:00,1715.478911254856,,0.10957226736612428
2020-01-22 00:00:00,1715.478911254856,,0.11341681911192159
2020-01-23 00:00:00,1715.478911254856,,0.10978668387046585
2020-01-24 00:00:00,1715.478911254856,,0.10338872308317582
2020-01-27 00:00:00,1715.478911254856,,0.10890024561892571
2020-01-28 00:00:00,1715.478911254856,,0.10861789477535964
2020-01-29 00:00:00,1715.478911254856,,0.10342211116162463
2020-01-30 00:00:00,1715.478911254856,,0.11068789693395853
2020-01-31 00:00:00,1715.478911254856,,0.12234432865056567
2020-02-03 00:00:00,1715.478911254856,,0.11947749096786521
2020-02-04 00:00:00,1715.478911254856,,0.13457320639816026
2020-02-05 00:00:00,1715.478911254856,,0.13991513359157828
2020-02-06 00:00:00,1715.478911254856,,0.1412280229335822
2020-02-07 00:00:00,1715.478911254856,,0.14084012005344557
2020-02-10 00:00:00,1715.478911254856,,0.13992190905504315
2020-02-11 00:00:00,1715.478911254856,,0.13699539944618408
2020-02-12 00:00:00,1715.478911254856,,0.1408298840253872
2020-02-13 00:00:00,1715.478911254856,,0.1428712336858839
2020-02-14 00:00:00,1715.478911254856,,0.14283675904076773
2020-02-17 00:00:00,1715.478911254856,,0.143342165110467
2020-02-18 00:00:00,1715.478911254856,,0.13015958224172533
2020-02-19 00:00:00,1715.478911254856,,0.13027541659940692
2020-02-20 00:00:00,1715.478911254856,,0.13390320527033486
2020-02-24 00:00:00,1715.478911254856,,0.1410489539822404
2020-02-25 00:00:00,1715.478911254856,,0.14160101805460804
2020-02-26 00:00:00,1715.478911254856,,0.14404243463195984
2020-02-27 00:00:00,1715.478911254856,,0.14470483754082006
2020-02-28 00:00:00,1715.478911254856,,0.20844120481134296
2020-03-02 00:00:00,1715.478911254856,,0.20711803764028022
2020-03-03 00:00:00,1715.478911254856,,0.20799886954586247
2020-03-04 00:00:00,1715.478911254856,,0.20819559338858282
2020-03-05 00:00:00,1715.478911254856,,0.19607352609003645
2020-03-06 00:00:00,1715.478911254856,,0.19540724528111764
2020-03-09 00:00:00,1715.478911254856,,0.29271253276436304
2020-03-11 00:00:00,1715.478911254856,,0.2920141313942711
2020-03-12 00:00:00,1715.478911254856,,0.408952531701656
2020-03-13 00:00:00,1715.478911254856,,0.42933721064526226
2020-03-16 00:00:00,1715.478911254856,,0.48171770921608664
2020-03-17 00:00:00,1715.478911254856,,0.4787647722042607
2020-03-18 00:00:00,1715.478911254856,,0.4852013795842287
2020-03-19 00:00:00,1715.478911254856,,0.4834742756874307
2020-03-20 00:00:00,1715.478911254856,,0.5597666091886497
2020-03-23 00:00:00,1715.478911254856,,0.640890215296652
2020-03-24 00:00:00,1715.478911254856,,0.6769651890954268
2020-03-25 00:00:00,1715.478911254856,,0.7320557742859766
2020-03-26 00:00:00,1715.478911254856,,0.7456672832403299
2020-03-27 00:00:00,1715.478911254856,,0.7494720350444867
2020-03-30 00:00:00,1715.478911254856,,0.7580918881461416
2020-03-31 00:00:00,1715.478911254856,,0.7654437725175239
2020-04-01 00:00:00,1715.478911254856,,0.7802940539714655
2020-04-03 00:00:00,1715.478911254856,,0.7771310410247925
2020-04-07 00:00:00,1715.478911254856,,0.8487915832646065
2020-04-08 00:00:00,1715.478911254856,,0.8490247839411463
2020-04-09 00:00:00,1715.478911254856,,0.8580876222986571
2020-04-13 00:00:00,1715.478911254856,,0.8316974203866133
2020-04-15 00:00:00,1715.478911254856,,0.8329744528589234
2020-04-16 00:00:00,1715.478911254856,,0.7747741180409038
2020-04-17 00:00:00,1715.478911254856,,0.7790885356996625
2020-04-20 00:00:00,1715.478911254856,,0.733302672832834
2020-04-21 00:00:00,1715.478911254856,,0.7353926924885205
2020-04-22 00:00:00,1715.478911254856,,0.7226185334846317
2020-04-23 00:00:00,1715.478911254856,,0.7323781673162103
2020-04-24 00:00:00,1715.478911254856,,0.7065878807705019
2020-04-27 00:00:00,1715.478911254856,,0.5797749212055922
2020-04-28 00:00:00,1715.478911254856,,0.5665873546755452
2020-04-29 00:00:00,1715.478911254856,,0.5329114943814688
2020-04-30 00:00:00,1715.478911254856,,0.5424103478866537
2020-05-04 00:00:00,1715.478911254856,,0.5787108498826147
2020-05-05 00:00:00,1715.478911254856,,0.5529833904351124
2020-05-06 00:00:00,1715.478911254856,,0.5419937578869021
2020-05-07 00:00:00,1715.478911254856,,0.5012710099256652
2020-05-08 00:00:00,1715.478911254856,,0.4890466530038473
2020-05-11 00:00:00,1715.478911254856,,0.3961988175354158
2020-05-12 00:00:00,1715.478911254856,,0.3886276313458609
2020-05-13 00:00:00,1715.478911254856,,0.3811481086365539
2020-05-14 00:00:00,1715.478911254856,,0.40367417438784964
2020-05-15 00:00:00,1715.478911254856,,0.39663479307275223
2020-05-18 00:00:00,1715.478911254856,,0.39622151994061394
2020-05-19 00:00:00,1715.478911254856,,0.3789613118504708
2020-05-20 00:00:00,1715.478911254856,,0.37335704032560835
2020-05-21 00:00:00,1715.478911254856,,0.35483171532913477
2020-05-22 00:00:00,1715.478911254856,,0.3434030957351069
2020-05-26 00:00:00,1715.478911254856,,0.3163798087476161
2020-05-27 00:00:00,1715.478911254856,,0.3325439526511112
2020-05-28 00:00:00,1715.478911254856,,0.3345967229158022
2020-05-29 00:00:00,1715.478911254856,,0.3365657118118444
2020-06-01 00:00:00,1715.478911254856,,0.34222847265429285
2020-06-02 00:00:00,1715.478911254856,,0.30816766014803637
2020-06-03 00:00:00,1715.478911254856,,0.24227832242486844
2020-06-04 00:00:00,1715.478911254856,,0.2431418334966337
2020-06-05 00:00:00,1715.478911254856,,0.24366795656452972
2020-06-08 00:00:00,1715.478911254856,,0.24269996949786476
2020-06-09 00:00:00,1715.478911254856,,0.24674393979313708
2020-06-10 00:00:00,1715.478911254856,,0.24717063892018568
2020-06-11 00:00:00,1715.478911254856,,0.2563830047204002
2020-06-12 00:00:00,1715.478911254856,,0.2542157215442143
2020-06-15 00:00:00,1715.478911254856,,0.2148333183809387
2020-06-16 00:00:00,1715.478911254856,,0.21859784599358195
2020-06-17 00:00:00,1715.478911254856,,0.21882179268496565
2020-06-18 00:00:00,1715.478911254856,,0.21988490254250365
2020-06-19 00:00:00,1715.478911254856,,0.22011932380878793
2020-06-22 00:00:00,1715.478911254856,,0.22281333065726078
2020-06-23 00:00:00,1715.478911254856,,0.22297309152842185
2020-06-24 00:00:00,1715.478911254856,,0.21174210441153682
2020-06-25 00:00:00,1715.478911254856,,0.18789545007037017
2020-06-26 00:00:00,1715.478911254856,,0.22986732583561378
2020-06-29 00:00:00,1715.478911254856,,0.22882916028684117
2020-06-30 00:00:00,1715.478911254856,,0.20984584299142925
2020-07-01 00:00:00,1715.478911254856,,0.2097755760225785
2020-07-02 00:00:00,1715.478911254856,,0.22151355518356272
2020-07-03 00:00:00,1715.478911254856,,0.22106864493105874
2020-07-06 00:00:00,1715.478911254856,,0.22984322339635455
2020-07-07 00:00:00,1715.478911254856,,0.23012017793649953
2020-07-08 00:00:00,1715.478911254856,,0.23491091835953262
2020-07-09 00:00:00,1715.478911254856,,0.23381630664140982
2020-07-10 00:00:00,1715.478911254856,,0.21599714842782952
2020-07-13 00:00:00,1715.478911254856,,0.21501628379690907
2020-07-14 00:00:00,1715.478911254856,,0.22599523862097987
2020-07-15 00:00:00,1715.478911254856,,0.22569424885589182
2020-07-16 00:00:00,1715.478911254856,,0.23377857069948688
2020-07-17 00:00:00,1715.478911254856,,0.23180459052401875
2020-07-20 00:00:00,1715.478911254856,,0.23395057397427566
2020-07-21 00:00:00,1715.478911254856,,0.229827210892531
2020-07-22 00:00:00,1715.478911254856,,0.23727748817534386
2020-07-23 00:00:00,1715.478911254856,,0.23660618310625423
2020-07-24 00:00:00,1715.478911254856,,0.22801091171428967
2020-07-27 00:00:00,1715.478911254856,,0.18899291630755607
2020-07-28 00:00:00,1715.478911254856,,0.1941704313273805
2020-07-29 00:00:00,1715.478911254856,,0.2090368032144259
2020-07-30 00:00:00,1715.478911254856,,0.2099089114487193
2020-07-31 00:00:00,1715.478911254856,,0.20380591443365925
2020-08-03 00:00:00,1715.478911254856,,0.21777946328387307
2020-08-04 00:00:00,1715.478911254856,,0.2125941756679251
2020-08-05 00:00:00,1715.478911254856,,0.21336002518422123
2020-08-06 00:00:00,1715.478911254856,,0.20894043223816006
2020-08-07 00:00:00,1715.478911254856,,0.21136135565454872
2020-08-10 00:00:00,1715.478911254856,,0.21242590979023754
2020-08-11 00:00:00,1715.478911254856,,0.21238226198990076
2020-08-12 00:00:00,1715.478911254856,,0.19927112431116628
2020-08-13 00:00:00,1715.478911254856,,0.19501346455328222
2020-08-14 00:00:00,1715.478911254856,,0.18126677226560092
2020-08-17 00:00:00,1715.478911254856,,0.18058308605316256
2020-08-18 00:00:00,1715.478911254856,,0.17646420598147783
2020-08-19 00:00:00,1715.478911254856,,0.1740182297534233
2020-08-20 00:00:00,1715.478911254856,,0.17148279704827538
2020-08-21 00:00:00,1715.478911254856,,0.17146754024918417
2020-08-24 00:00:00,1715.478911254856,,0.17162230875333065
2020-08-25 00:00:00,1715.478911254856,,0.17034513863371417
2020-08-26 00:00:00,1715.478911254856,,0.15157645774973677
2020-08-27 00:00:00,1715.478911254856,,0.13770511321712087
2020-08-28 00:00:00,1715.478911254856,,0.13834829182454345
2020-08-31 00:00:00,1715.478911254856,,0.13684362378275336
2020-09-01 00:00:00,1715.478911254856,,0.11996415588084398
2020-09-02 00:00:00,1715.478911254856,,0.10906126474176038
2020-09-03 00:00:00,1715.478911254856,,0.10923514668475763
2020-09-04 00:00:00,1715.478911254856,,0.09910015651493788
2020-09-07 00:00:00,1715.478911254856,,0.09986718549105113
2020-09-08 00:00:00,1715.478911254856,,0.10395233699233938
2020-09-09 00:00:00,1715.478911254856,,0.10547408557000804
2020-09-10 00:00:00,1715.478911254856,,0.11477308991739157
2020-09-11 00:00:00,1715.478911254856,,0.11493611699833979
2020-09-14 00:00:00,1715.478911254856,,0.12703863674872443
2020-09-15 00:00:00,1715.478911254856,,0.12682882271135565
2020-09-16 00:00:00,1715.478911254856,,0.126014321977105
2020-09-17 00:00:00,1715.478911254856,,0.13130533346701417
2020-09-18 00:00:00,1715.478911254856,,0.1337575494565871
2020-09-21 00:00:00,1715.478911254856,,0.1344810457320208
2020-09-22 00:00:00,1715.478911254856,,0.13360160018348338
2020-09-23 00:00:00,1715.478911254856,,0.13243785832500507
2020-09-24 00:00:00,1715.478911254856,,0.19292063679297095
2020-09-25 00:00:00,1715.478911254856,,0.21300606077425532
2020-09-28 00:00:00,1715.478911254856,,0.21216279976979424
2020-09-29 00:00:00,1715.478911254856,,0.21508502058435794
2020-09-30 00:00:00,1715.478911254856,,0.21414682533512883
2020-10-01 00:00:00,1715.478911254856,,0.21481447455295272
2020-10-05 00:00:00,1715.478911254856,,0.23920896850442736
2020-10-06 00:00:00,1715.478911254856,,0.23277826044840977
2020-10-07 00:00:00,1715.478911254856,,0.23406999219745606
2020-10-08 00:00:00,1715.478911254856,,0.24063473639959895
2020-10-09 00:00:00,1715.478911254856,,0.2372505616220424
2020-10-12 00:00:00,1715.478911254856,,0.23579421140992485
2020-10-13 00:00:00,1715.478911254856,,0.2358152838465175
2020-10-14 00:00:00,1715.478911254856,,0.23163532911148912
2020-10-15 00:00:00,1715.478911254856,,0.26075040544805944
2020-10-16 00:00:00,1715.478911254856,,0.26034315360204385
2020-10-19 00:00:00,1715.478911254856,,0.25954330588941915
2020-10-20 00:00:00,1715.478911254856,,0.2560800639935227
2020-10-21 00:00:00,1715.478911254856,,0.2574727398645511
2020-10-22 00:00:00,1715.478911254856,,0.26108087632010146
2020-10-23 00:00:00,1715.478911254856,,0.2603905074276196
2020-10-26 00:00:00,1715.478911254856,,0.21899449337175944
2020-10-27 00:00:00,1715.478911254856,,0.2085626635182238
2020-10-28 00:00:00,1715.478911254856,,0.21410973269034958
2020-10-29 00:00:00,1715.478911254856,,0.2113611991850278
2020-10-30 00:00:00,1715.478911254856,,0.21137138491750154
2020-11-02 00:00:00,1715.478911254856,,0.21723370544346848
2020-11-03 00:00:00,1715.478911254856,,0.1830923297322121
2020-11-04 00:00:00,1715.478911254856,,0.1906993518336594
2020-11-05 00:00:00,1715.478911254856,,0.19073091227123404
2020-11-06 00:00:00,1715.478911254856,,0.1850972615118877
2020-11-09 00:00:00,1715.478911254856,,0.19030158598035268
2020-11-10 00:00:00,1715.478911254856,,0.19217207942234826
2020-11-11 00:00:00,1715.478911254856,,0.19167502728006122
2020-11-12 00:00:00,1715.478911254856,,0.19320711294806583
2020-11-13 00:00:00,1715.478911254856,,0.16334920286393062
2020-11-14 00:00:00,1715.478911254856,,0.16083009929841718
2020-11-17 00:00:00,1715.478911254856,,0.15904237059198553
2020-11-18 00:00:00,1715.478911254856,,0.15985289779147502
2020-11-19 00:00:00,1715.478911254856,,0.16137360668483872
2020-11-20 00:00:00,1715.478911254856,,0.15888275782383146
2020-11-23 00:00:00,1715.478911254856,,0.17227997082792917
2020-11-24 00:00:00,1715.478911254856,,0.1653856891195932
2020-11-25 00:00:00,1715.478911254856,,0.17187740176937005
2020-11-26 00:00:00,1715.478911254856,,0.16669763981285837
2020-11-27 00:00:00,1715.478911254856,,0.1703832342132251
2020-12-01 00:00:00,1715.478911254856,,0.17661193460285474
2020-12-02 00:00:00,1715.478911254856,,0.16361463491514044
2020-12-03 00:00:00,1715.478911254856,,0.17269089823137773
2020-12-04 00:00:00,1715.478911254856,,0.1647214531418655
2020-12-07 00:00:00,1715.478911254856,,0.1602979464305407
2020-12-08 00:00:00,1715.478911254856,,0.1557115075908396
2020-12-09 00:00:00,1715.478911254856,,0.15471656163142977
2020-12-10 00:00:00,1715.478911254856,,0.1556443240273754
2020-12-11 00:00:00,1715.478911254856,,0.15560995135584263
2020-12-14 00:00:00,1715.478911254856,,0.15254290038790141
2020-12-15 00:00:00,1715.478911254856,,0.15406783569146587
2020-12-16 00:00:00,1715.478911254856,,0.15822063906727968
2020-12-17 00:00:00,1715.478911254856,,0.1595214943556307
2020-12-18 00:00:00,1715.478911254856,,0.15519544337389973
2020-12-21 00:00:00,1715.478911254856,,0.16766159170541384
2020-12-22 00:00:00,1715.478911254856,,0.17390880378985835
2020-12-23 00:00:00,1715.478911254856,,0.16601884351158816
2020-12-24 00:00:00,1715.478911254856,,0.16508284386894648
2020-12-28 00:00:00,1715.478911254856,,0.1540342866920452
2020-12-29 00:00:00,1715.478911254856,,0.15357024928146193
2020-12-30 00:00:00,1715.478911254856,,0.1493170922670385
2020-12-31 00:00:00,1715.478911254856,,0.14433696656583903
2021-01-01 00:00:00,1715.478911254856,,0.1454120590404414
2021-01-04 00:00:00,1715.478911254856,,0.1439520425351524
2021-01-05 00:00:00,1715.478911254856,,0.14433876509214572
2021-01-06 00:00:00,1715.478911254856,,0.15566488017154512
2021-01-07 00:00:00,1715.478911254856,,0.15472383022454747
2021-01-08 00:00:00,1715.478911254856,,0.16794460427406102
2021-01-11 00:00:00,1715.478911254856,,0.1683008074022679
2021-01-12 00:00:00,1715.478911254856,,0.16764952544849843
2021-01-13 00:00:00,1715.478911254856,,0.1684047544771918
2021-01-14 00:00:00,1715.478911254856,,0.16540327824116643
2021-01-15 00:00:00,1715.478911254856,,0.17020438813877417
2021-01-18 00:00:00,1715.478911254856,,0.17066324679222697
2021-01-19 00:00:00,1715.478911254856,,0.17245453650531237
2021-01-20 00:00:00,1715.478911254856,,0.1525943108377945
2021-01-21 00:00:00,1715.478911254856,,0.15112506883663065
2021-01-22 00:00:00,1715.478911254856,,0.15268487449477794
2021-01-25 00:00:00,1715.478911254856,,0.16087236406319125
2021-01-27 00:00:00,1715.478911254856,,0.17925344896871215
2021-01-28 00:00:00,1715.478911254856,,0.1941964736548448
2021-01-29 00:00:00,1715.478911254856,,0.20402636334772187
2021-02-01 00:00:00,1715.478911254856,,0.22106393519815776
2021-02-02 00:00:00,1715.478911254856,,0.23383061661349333
2021-02-03 00:00:00,1715.478911254856,,0.22710336543074716
2021-02-04 00:00:00,1715.478911254856,,0.22668989470610026
2021-02-05 00:00:00,1715.478911254856,,0.22136698564763924
2021-02-08 00:00:00,1715.478911254856,,0.22408198636257418
2021-02-09 00:00:00,1715.478911254856,,0.21081026063774957
2021-02-10 00:00:00,1715.478911254856,,0.20274992797467276
2021-02-11 00:00:00,1715.478911254856,,0.20106085056832956
2021-02-12 00:00:00,1715.478911254856,,0.20078831815545634
2021-02-15 00:00:00,1715.478911254856,,0.1979892974199536
2021-02-16 00:00:00,1715.478911254856,,0.19581784996738233
2021-02-17 00:00:00,1715.478911254856,,0.19875564218369557
2021-02-18 00:00:00,1715.478911254856,,0.1953649864467691
2021-02-19 00:00:00,1715.478911254856,,0.19065257572070474
2021-02-22 00:00:00,1715.478911254856,,0.20589630742655654
2021-02-23 00:00:00,1715.478911254856,,0.20602006907035728
2021-02-24 00:00:00,1715.478911254856,,0.20841579242768
2021-02-25 00:00:00,1715.478911254856,,0.20149259525056296
2021-02-26 00:00:00,1715.478911254856,,0.21994057206968456
2021-03-01 00:00:00,1715.478911254856,,0.21365674675308757
2021-03-02 00:00:00,1715.478911254856,,0.20528644429390794
2021-03-03 00:00:00,1715.478911254856,,0.2046041091700079
2021-03-04 00:00:00,1715.478911254856,,0.2079427059950041
2021-03-05 00:00:00,1715.478911254856,,0.2111522882382337
2021-03-08 00:00:00,1715.478911254856,,0.2111634063684137
2021-03-09 00:00:00,1715.478911254856,,0.20888534578098933
2021-03-10 00:00:00,1715.478911254856,,0.2092092088362681
2021-03-12 00:00:00,1715.478911254856,,0.20992338973295818
2021-03-15 00:00:00,1715.478911254856,,0.21012049886715273
2021-03-16 00:00:00,1715.478911254856,,0.21056472988529248
2021-03-17 00:00:00,1715.478911254856,,0.21126231445797936
2021-03-18 00:00:00,1715.478911254856,,0.2247833850374755
2021-03-19 00:00:00,1715.478911254856,,0.22588022330776342
2021-03-22 00:00:00,1715.478911254856,,0.22683775204727763
2021-03-23 00:00:00,1715.478911254856,,0.2284586153575469
2021-03-24 00:00:00,1715.478911254856,,0.21593273581839767
2021-03-25 00:00:00,1715.478911254856,,0.22549808427792356
2021-03-26 00:00:00,1715.478911254856,,0.22271383916478935
2021-03-30 00:00:00,1715.478911254856,,0.2442438816526081
2021-03-31 00:00:00,1715.478911254856,,0.2190946676356836
2021-04-01 00:00:00,1715.478911254856,,0.21656838074771595
2021-04-05 00:00:00,1715.478911254856,,0.2077290627868258
2021-04-06 00:00:00,1715.478911254856,,0.19044272191633843
2021-04-07 00:00:00,1715.478911254856,,0.1880302801626317
2021-04-08 00:00:00,1715.478911254856,,0.1840772028524216
2021-04-09 00:00:00,1715.478911254856,,0.18460594594233215
2021-04-12 00:00:00,1715.478911254856,,0.20137928056368784
2021-04-13 00:00:00,1715.478911254856,,0.20569481104316215
2021-04-15 00:00:00,1715.478911254856,,0.21153640255746575
2021-04-16 00:00:00,1715.478911254856,,0.21164854562445984
2021-04-19 00:00:00,1715.478911254856,,0.21210905441310954
2021-04-20 00:00:00,1715.478911254856,,0.2126692665463632
2021-04-22 00:00:00,1715.478911254856,,0.19869457632423757
2021-04-23 00:00:00,1715.478911254856,,0.19573177328620867
2021-04-26 00:00:00,1715.478911254856,,0.19314304229661558
2021-04-27 00:00:00,1715.478911254856,,0.19796183960073888
2021-04-28 00:00:00,1715.478911254856,,0.19549699008424784
2021-04-29 00:00:00,1715.478911254856,,0.18522766507227387
2021-04-30 00:00:00,1715.478911254856,,0.19978927248890901
2021-05-03 00:00:00,1715.478911254856,,0.16239406991634264
2021-05-04 00:00:00,1715.478911254856,,0.16155852027440445
2021-05-05 00:00:00,1715.478911254856,,0.1666842179387403
2021-05-06 00:00:00,1715.478911254856,,0.16742922879489225
2021-05-07 00:00:00,1715.478911254856,,0.16804740815022196
2021-05-10 00:00:00,1715.478911254856,,0.16545182101733377
2021-05-11 00:00:00,1715.478911254856,,0.16415619435216092
2021-05-12 00:00:00,1715.478911254856,,0.1649991100486915
2021-05-14 00:00:00,1715.478911254856,,0.14245991782448134
2021-05-17 00:00:00,1715.478911254856,,0.14561647919517132
2021-05-18 00:00:00,1715.478911254856,,0.14450515193023983
2021-05-19 00:00:00,1715.478911254856,,0.1438138442494215
2021-05-20 00:00:00,1715.478911254856,,0.14348752470515405
2021-05-21 00:00:00,1715.478911254856,,0.1518622068338463
2021-05-24 00:00:00,1715.478911254856,,0.15186643079942536
2021-05-25 00:00:00,1715.478911254856,,0.15012159565047448
2021-05-26 00:00:00,1715.478911254856,,0.154580896206921
2021-05-27 00:00:00,1715.478911254856,,0.14803728522732484
2021-05-28 00:00:00,1715.478911254856,,0.14952928335686527
2021-05-31 00:00:00,1715.478911254856,,0.15232477748965328
2021-06-01 00:00:00,1715.478911254856,,0.12767301241057658
2021-06-02 00:00:00,1715.478911254856,,0.12755164512310616
2021-06-03 00:00:00,1715.478911254856,,0.11919536538409829
2021-06-04 00:00:00,1715.478911254856,,0.11954879891651637
2021-06-07 00:00:00,1715.478911254856,,0.12045597859432504
2021-06-08 00:00:00,1715.478911254856,,0.12044711471372001
2021-06-09 00:00:00,1715.478911254856,,0.12166829411005047
2021-06-10 00:00:00,1715.478911254856,,0.11749987322750592
2021-06-11 00:00:00,1715.478911254856,,0.11704579021770839
2021-06-14 00:00:00,1715.478911254856,,0.11107996066618547
2021-06-15 00:00:00,1715.478911254856,,0.1047991771587167
2021-06-16 00:00:00,1715.478911254856,,0.10207427232240633
2021-06-17 00:00:00,1715.478911254856,,0.09926890082317294
2021-06-18 00:00:00,1715.478911254856,,0.09154070892677417
2021-06-21 00:00:00,1715.478911254856,,0.08182823633395855
2021-06-22 00:00:00,1715.478911254856,,0.08054957544388876
2021-06-23 00:00:00,1715.478911254856,,0.08860281641599244
2021-06-24 00:00:00,1715.478911254856,,0.10261906685564856
2021-06-25 00:00:00,1715.478911254856,,0.10308231005370361
2021-06-28 00:00:00,1715.478911254856,,0.10734323127207113
2021-06-29 00:00:00,1715.478911254856,,0.10460439751715793
2021-06-30 00:00:00,1715.478911254856,,0.10404038544048767
2021-07-01 00:00:00,1715.478911254856,,0.10677262008939108
2021-07-02 00:00:00,1715.478911254856,,0.10572196806864088
2021-07-05 00:00:00,1715.478911254856,,0.10347473388748983
2021-07-06 00:00:00,1715.478911254856,,0.10472747007643934
2021-07-07 00:00:00,1715.478911254856,,0.10469656967795918
2021-07-08 00:00:00,1715.478911254856,,0.10734246618349236
2021-07-09 00:00:00,1715.478911254856,,0.11375910729402638
2021-07-12 00:00:00,1715.478911254856,,0.10464230210332934
2021-07-13 00:00:00,1715.478911254856,,0.10389287825526114
2021-07-14 00:00:00,1715.478911254856,,0.10610726586637048
2021-07-15 00:00:00,1715.478911254856,,0.1064293506501992
2021-07-16 00:00:00,1715.478911254856,,0.1052977711367774
2021-07-19 00:00:00,1715.478911254856,,0.11250802723573086
2021-07-20 00:00:00,1715.478911254856,,0.11250545090549612
2021-07-22 00:00:00,1715.478911254856,,0.11815168258155237
2021-07-23 00:00:00,1715.478911254856,,0.11584514362994484
2021-07-26 00:00:00,1715.478911254856,,0.08938146909361282
2021-07-27 00:00:00,1715.478911254856,,0.08932662540446225
2021-07-28 00:00:00,1715.478911254856,,0.08655624523469192
2021-07-29 00:00:00,1715.478911254856,,0.08776287486818231
2021-07-30 00:00:00,1715.478911254856,,0.08606829153964521
2021-08-02 00:00:00,1715.478911254856,,0.09562903269311102
2021-08-03 00:00:00,1715.478911254856,,0.10830528187034029
2021-08-04 00:00:00,1715.478911254856,,0.10763460484580374
2021-08-05 00:00:00,1715.478911254856,,0.10850099258677078
2021-08-06 00:00:00,1715.478911254856,,0.10848186823007312
2021-08-09 00:00:00,1715.478911254856,,0.10599812853512769
2021-08-10 00:00:00,1715.478911254856,,0.09899920558506659
2021-08-11 00:00:00,1715.478911254856,,0.09589986094840064
2021-08-12 00:00:00,1715.478911254856,,0.09594765304089287
2021-08-13 00:00:00,1715.478911254856,,0.11730723861429715
2021-08-16 00:00:00,1715.478911254856,,0.11730684504846138
2021-08-17 00:00:00,1715.478911254856,,0.11901489926200885
2021-08-18 00:00:00,1715.478911254856,,0.10634822082005622
2021-08-20 00:00:00,1715.478911254856,,0.10699637704285345
2021-08-23 00:00:00,1715.478911254856,,0.10790680823018287
2021-08-24 00:00:00,1715.478911254856,,0.10576608371356186
2021-08-25 00:00:00,1715.478911254856,,0.10291853384145203
2021-08-26 00:00:00,1715.478911254856,,0.09968350622070234
2021-08-27 00:00:00,1715.478911254856,,0.0968228199536585
2021-08-30 00:00:00,1715.478911254856,,0.09689197094051184
2021-08-31 00:00:00,1715.478911254856,,0.09207814053824814
2021-09-01 00:00:00,1715.478911254856,,0.10562327946378097
2021-09-02 00:00:00,1715.478911254856,,0.10947849555631979
2021-09-03 00:00:00,1715.478911254856,,0.10974538953508949
2021-09-06 00:00:00,1715.478911254856,,0.10957733908044351
2021-09-07 00:00:00,1715.478911254856,,0.11384740240169995
2021-09-08 00:00:00,1715.478911254856,,0.11938446072045548
2021-09-09 00:00:00,1715.478911254856,,0.12027959487183819
2021-09-13 00:00:00,1715.478911254856,,0.1210336797900394
2021-09-14 00:00:00,1715.478911254856,,0.12118977650483856
2021-09-15 00:00:00,1715.478911254856,,0.10546809081645062
2021-09-16 00:00:00,1715.478911254856,,0.10638365267141028
2021-09-17 00:00:00,1715.478911254856,,0.11004491028703299
2021-09-20 00:00:00,1715.478911254856,,0.11177599359734842
2021-09-21 00:00:00,1715.478911254856,,0.1124180430615211
2021-09-22 00:00:00,1715.478911254856,,0.1082279834114284
2021-09-23 00:00:00,1715.478911254856,,0.11531137842271921
2021-09-24 00:00:00,1715.478911254856,,0.11470706256121811
2021-09-27 00:00:00,1715.478911254856,,0.11627611945998186
2021-09-28 00:00:00,1715.478911254856,,0.1238719035613839
2021-09-29 00:00:00,1715.478911254856,,0.1245587653239384
2021-09-30 00:00:00,1715.478911254856,,0.12155668346193732
2021-10-01 00:00:00,1715.478911254856,,0.1179952724514612
2021-10-04 00:00:00,1715.478911254856,,0.10669582594878446
2021-10-05 00:00:00,1715.478911254856,,0.11255332477050635
2021-10-06 00:00:00,1715.478911254856,,0.11270804591601938
2021-10-07 00:00:00,1715.478911254856,,0.11645419697337389
2021-10-08 00:00:00,1715.478911254856,,0.1222830048376504
2021-10-11 00:00:00,1715.478911254856,,0.15603895855484645
2021-10-12 00:00:00,1715.478911254856,,0.15673964248920363
2021-10-13 00:00:00,1715.478911254856,,0.15812834945073842
2021-10-14 00:00:00,1715.478911254856,,0.15454320385913478
2021-10-18 00:00:00,1715.478911254856,,0.1597441333243311
2021-10-19 00:00:00,1715.478911254856,,0.15696271421622288
2021-10-20 00:00:00,1715.478911254856,,0.16039669477497184
2021-10-21 00:00:00,1715.478911254856,,0.17373891732939586
2021-10-22 00:00:00,1715.478911254856,,0.17562256053874328
2021-10-25 00:00:00,1715.478911254856,,0.16995913456804607
2021-10-26 00:00:00,1715.478911254856,,0.16846176080124858
2021-10-27 00:00:00,1715.478911254856,,0.1684582675889321
2021-10-28 00:00:00,1715.478911254856,,0.17747765721434483
2021-10-29 00:00:00,1715.478911254856,,0.18218052878952173
2021-11-01 00:00:00,1715.478911254856,,0.19250525514338673
2021-11-02 00:00:00,1715.478911254856,,0.1911924418843077
2021-11-03 00:00:00,1715.478911254856,,0.188076428617745
2021-11-04 00:00:00,1715.478911254856,,0.18277705542637449
2021-11-08 00:00:00,1715.478911254856,,0.18337629292831728
2021-11-09 00:00:00,1715.478911254856,,0.17822292727870861
2021-11-10 00:00:00,1715.478911254856,,0.16858358806775828
2021-11-11 00:00:00,1715.478911254856,,0.14543679067682808
2021-11-12 00:00:00,1715.478911254856,,0.1541038773681275
2021-11-15 00:00:00,1715.478911254856,,0.1525680432466427
2021-11-16 00:00:00,1715.478911254856,,0.1521310575662512
2021-11-17 00:00:00,1715.478911254856,,0.14726193134508467
2021-11-18 00:00:00,1715.478911254856,,0.1438724302038133
2021-11-22 00:00:00,1715.478911254856,,0.14938491372111304
2021-11-23 00:00:00,1715.478911254856,,0.13746371834060717
2021-11-24 00:00:00,1715.478911254856,,0.13908833162661657
2021-11-25 00:00:00,1715.478911254856,,0.1504118476995288
2021-11-26 00:00:00,1715.478911254856,,0.15647193856407027
2021-11-29 00:00:00,1715.478911254856,,0.1621009691809383
2021-11-30 00:00:00,1715.478911254856,,0.14908042824550416
2021-12-01 00:00:00,1715.478911254856,,0.1472776317517526
2021-12-02 00:00:00,1715.478911254856,,0.14619571357722358
2021-12-03 00:00:00,1715.478911254856,,0.14967867853279077
2021-12-06 00:00:00,1715.478911254856,,0.1665153905225278
2021-12-07 00:00:00,1715.478911254856,,0.17097598865455133
2021-12-08 00:00:00,1715.478911254856,,0.18037156776782817
2021-12-09 00:00:00,1715.478911254856,,0.18048870004145107
2021-12-10 00:00:00,1715.478911254856,,0.18031545015423137
2021-12-13 00:00:00,1715.478911254856,,0.1837623583785135
2021-12-14 00:00:00,1715.478911254856,,0.17694736454067062
2021-12-15 00:00:00,1715.478911254856,,0.17842084657406232
2021-12-16 00:00:00,1715.478911254856,,0.18116679418504741
2021-12-17 00:00:00,1715.478911254856,,0.17775057456424062
2021-12-20 00:00:00,1715.478911254856,,0.18726256969717942
2021-12-21 00:00:00,1715.478911254856,,0.18421438916362584
2021-12-22 00:00:00,1715.478911254856,,0.18632496019293285
2021-12-23 00:00:00,1715.478911254856,,0.18321621831541826
2021-12-24 00:00:00,1715.478911254856,,0.17646387416914336
2021-12-27 00:00:00,1715.478911254856,,0.16682420635803658
2021-12-28 00:00:00,1715.478911254856,,0.16526169424665144
2021-12-29 00:00:00,1715.478911254856,,0.16584789991255028
2021-12-30 00:00:00,1715.478911254856,,0.1620651333855285
2021-12-31 00:00:00,1715.478911254856,,0.15387210420215977
2022-01-03 00:00:00,1715.478911254856,,0.16039439839351805
2022-01-04 00:00:00,1715.478911254856,,0.1402191725935305
2022-01-05 00:00:00,1715.478911254856,,0.13854249482924993
2022-01-06 00:00:00,1715.478911254856,,0.143196896349141
2022-01-07 00:00:00,1715.478911254856,,0.1439505774986841
2022-01-10 00:00:00,1715.478911254856,,0.1459420158970981
2022-01-11 00:00:00,1715.478911254856,,0.14009105103186462
2022-01-12 00:00:00,1715.478911254856,,0.13968454969267824
2022-01-13 00:00:00,1715.478911254856,,0.13319432603048234
2022-01-14 00:00:00,1715.478911254856,,0.13662325715144405
2022-01-17 00:00:00,1715.478911254856,,0.13521013973494303
2022-01-18 00:00:00,1715.478911254856,,0.11674995698097239
2022-01-19 00:00:00,1715.478911254856,,0.13059454184465857
2022-01-20 00:00:00,1715.478911254856,,0.1485661572084421
2022-01-21 00:00:00,1715.478911254856,,0.14786784750982998
2022-01-24 00:00:00,1715.478911254856,,0.1734472237740495
2022-01-25 00:00:00,1715.478911254856,,0.17285963203266036
2022-01-27 00:00:00,1715.478911254856,,0.18697710436761464
2022-01-28 00:00:00,1715.478911254856,,0.18775390535971492
2022-01-31 00:00:00,1715.478911254856,,0.19977580712666956
2022-02-01 00:00:00,1715.478911254856,,0.20441073483040945
2022-02-02 00:00:00,1715.478911254856,,0.19964145747344075
2022-02-03 00:00:00,1715.478911254856,,0.19980986574563517
2022-02-04 00:00:00,1715.478911254856,,0.19974343750299392
2022-02-07 00:00:00,1715.478911254856,,0.2000316927972377
2022-02-08 00:00:00,1715.478911254856,,0.19762074356216566
2022-02-09 00:00:00,1715.478911254856,,0.20000379056973927
2022-02-10 00:00:00,1715.478911254856,,0.20168473308870558
2022-02-11 00:00:00,1715.478911254856,,0.20682701065796855
2022-02-14 00:00:00,1715.478911254856,,0.20779021307770779
2022-02-15 00:00:00,1715.478911254856,,0.2280764126529758
2022-02-16 00:00:00,1715.478911254856,,0.22706472809392184
2022-02-17 00:00:00,1715.478911254856,,0.2267656537030753
2022-02-18 00:00:00,1715.478911254856,,0.22236983533844096
2022-02-21 00:00:00,1715.478911254856,,0.21441659405277635
2022-02-22 00:00:00,1715.478911254856,,0.22003120114431482
2022-02-23 00:00:00,1715.478911254856,,0.2038267944140716
2022-02-24 00:00:00,1715.478911254856,,0.2597464850320674
2022-02-25 00:00:00,1715.478911254856,,0.26417791985349615
2022-02-28 00:00:00,1715.478911254856,,0.265437733487741
2022-03-02 00:00:00,1715.478911254856,,0.25696483156832944
2022-03-03 00:00:00,1715.478911254856,,0.25194246572830076
2022-03-04 00:00:00,1715.478911254856,,0.24608012903627324
2022-03-07 00:00:00,1715.478911254856,,0.246742379051873
2022-03-08 00:00:00,1715.478911254856,,0.25708730442660355
2022-03-09 00:00:00,1715.478911254856,,0.2676150133714404
2022-03-10 00:00:00,1715.478911254856,,0.26877702732878395
2022-03-11 00:00:00,1715.478911254856,,0.2652363386099964
2022-03-14 00:00:00,1715.478911254856,,0.274628079083784
2022-03-15 00:00:00,1715.478911254856,,0.27696796836744
2022-03-16 00:00:00,1715.478911254856,,0.2823306202903527
2022-03-17 00:00:00,1715.478911254856,,0.26579614937935736
2022-03-21 00:00:00,1715.478911254856,,0.26629158105928585
2022-03-22 00:00:00,1715.478911254856,,0.2728479185716325
2022-03-23 00:00:00,1715.478911254856,,0.2728950035341054
2022-03-24 00:00:00,1715.478911254856,,0.2722722823108256
2022-03-25 00:00:00,1715.478911254856,,0.26692290955601017
2022-03-28 00:00:00,1715.478911254856,,0.26622327661615586
2022-03-29 00:00:00,1715.478911254856,,0.19720102311681845
2022-03-30 00:00:00,1715.478911254856,,0.18764702709304612
2022-03-31 00:00:00,1715.478911254856,,0.18824267587027263
2022-04-01 00:00:00,1715.478911254856,,0.18438332271774455
2022-04-04 00:00:00,1715.478911254856,,0.1916431900752231
2022-04-05 00:00:00,1715.478911254856,,0.19236271073194153
2022-04-06 00:00:00,1715.478911254856,,0.19673541703251635
2022-04-07 00:00:00,1715.478911254856,,0.205372596247262
2022-04-08 00:00:00,1715.478911254856,,0.19097706257096875
2022-04-11 00:00:00,1715.478911254856,,0.1935558804677734
2022-04-12 00:00:00,1715.478911254856,,0.195771263120628
2022-04-13 00:00:00,1715.478911254856,,0.18270687199411062
2022-04-18 00:00:00,1715.478911254856,,0.2274235919625676
2022-04-19 00:00:00,1715.478911254856,,0.22038936734764786
2022-04-20 00:00:00,1715.478911254856,,0.2316227488077178
2022-04-21 00:00:00,1715.478911254856,,0.2432473790424305
2022-04-22 00:00:00,1715.478911254856,,0.2354346589670273
2022-04-25 00:00:00,1715.478911254856,,0.23801621474856113
2022-04-26 00:00:00,1715.478911254856,,0.24088230134522545
2022-04-27 00:00:00,1715.478911254856,,0.24059378056962788
2022-04-28 00:00:00,1715.478911254856,,0.24375050727566563
2022-04-29 00:00:00,1715.478911254856,,0.2428503481948942
2022-05-02 00:00:00,1715.478911254856,,0.23691676125904174
2022-05-04 00:00:00,1715.478911254856,,0.244054827140201
2022-05-05 00:00:00,1715.478911254856,,0.24349513843604687
2022-05-06 00:00:00,1715.478911254856,,0.23404551858563868
2022-05-09 00:00:00,1715.478911254856,,0.23475092873598297
2022-05-10 00:00:00,1715.478911254856,,0.2306708643136946
2022-05-11 00:00:00,1715.478911254856,,0.22669521766781223
2022-05-12 00:00:00,1715.478911254856,,0.2258621955758861
2022-05-13 00:00:00,1715.478911254856,,0.2264490315971244
2022-05-16 00:00:00,1715.478911254856,,0.22632171689429892
2022-05-17 00:00:00,1715.478911254856,,0.24396251984190329
2022-05-18 00:00:00,1715.478911254856,,0.19828728484049318
2022-05-19 00:00:00,1715.478911254856,,0.2387888143183925
2022-05-20 00:00:00,1715.478911254856,,0.243627368500031
2022-05-23 00:00:00,1715.478911254856,,0.2308025413040635
2022-05-24 00:00:00,1715.478911254856,,0.22932969552527344
2022-05-25 00:00:00,1715.478911254856,,0.2306585047499213
2022-05-26 00:00:00,1715.478911254856,,0.2343882431544705
2022-05-27 00:00:00,1715.478911254856,,0.24125916268922462
2022-05-30 00:00:00,1715.478911254856,,0.26449248059757885
2022-05-31 00:00:00,1715.478911254856,,0.2645988880447474
2022-06-01 00:00:00,1715.478911254856,,0.26473475234412563
2022-06-02 00:00:00,1715.478911254856,,0.2624031760246179
2022-06-03 00:00:00,1715.478911254856,,0.2622627259914791
2022-06-06 00:00:00,1715.478911254856,,0.24949574198984312
2022-06-07 00:00:00,1715.478911254856,,0.254440794341614
2022-06-08 00:00:00,1715.478911254856,,0.2541329073974173
2022-06-09 00:00:00,1715.478911254856,,0.25470093527259235
2022-06-10 00:00:00,1715.478911254856,,0.26495398352891236
2022-06-13 00:00:00,1715.478911254856,,0.28840136211749035
2022-06-14 00:00:00,1715.478911254856,,0.28823461354704566
2022-06-15 00:00:00,1715.478911254856,,0.27773389499777135
2022-06-16 00:00:00,1715.478911254856,,0.28383846773463783
2022-06-17 00:00:00,1715.478911254856,,0.2440750856211013
2022-06-20 00:00:00,1715.478911254856,,0.2309661803274004
2022-06-21 00:00:00,1715.478911254856,,0.2455573430437316
2022-06-22 00:00:00,1715.478911254856,,0.24615287709025382
2022-06-23 00:00:00,1715.478911254856,,0.24273896750170137
2022-06-24 00:00:00,1715.478911254856,,0.2382859154817403
2022-06-27 00:00:00,1715.478911254856,,0.23523482828867567
2022-06-28 00:00:00,1715.478911254856,,0.20761650076141075
2022-06-29 00:00:00,1715.478911254856,,0.20687337512079748
2022-06-30 00:00:00,1715.478911254856,,0.20662479280736443
2022-07-01 00:00:00,1715.478911254856,,0.1966246092404262
2022-07-04 00:00:00,1715.478911254856,,0.19467973890566118
2022-07-05 00:00:00,1715.478911254856,,0.1945552673248347
2022-07-06 00:00:00,1715.478911254856,,0.1947786375502662
2022-07-07 00:00:00,1715.478911254856,,0.19656311033862853
2022-07-08 00:00:00,1715.478911254856,,0.1912649112683234
2022-07-11 00:00:00,1715.478911254856,,0.18802896104828182
2022-07-12 00:00:00,1715.478911254856,,0.1584116490464961
2022-07-13 00:00:00,1715.478911254856,,0.16384219917422518
2022-07-14 00:00:00,1715.478911254856,,0.16376733141096755
2022-07-15 00:00:00,1715.478911254856,,0.1516189666645899
2022-07-18 00:00:00,1715.478911254856,,0.16256041309317804
2022-07-19 00:00:00,1715.478911254856,,0.1593299735228735
2022-07-20 00:00:00,1715.478911254856,,0.15990015572768415
2022-07-21 00:00:00,1715.478911254856,,0.15772791278192516
2022-07-22 00:00:00,1715.478911254856,,0.15389532153422844
2022-07-25 00:00:00,1715.478911254856,,0.15532872230226022
2022-07-26 00:00:00,1715.478911254856,,0.16047632457515665
2022-07-27 00:00:00,1715.478911254856,,0.1679387815058979
2022-07-28 00:00:00,1715.478911254856,,0.1825759145477136
2022-07-29 00:00:00,1715.478911254856,,0.1901818613943338
2022-08-01 00:00:00,1715.478911254856,,0.18996413517606137
2022-08-02 00:00:00,1715.478911254856,,0.1883274563411251
2022-08-03 00:00:00,1715.478911254856,,0.18977701270128905
2022-08-04 00:00:00,1715.478911254856,,0.18841700153976765
2022-08-05 00:00:00,1715.478911254856,,0.18795857123352314
2022-08-08 00:00:00,1715.478911254856,,0.18935540883536758
2022-08-10 00:00:00,1715.478911254856,,0.17151115921729013
2022-08-11 00:00:00,1715.478911254856,,0.16608229146956202
2022-08-12 00:00:00,1715.478911254856,,0.1562167460672128
2022-08-16 00:00:00,1715.478911254856,,0.15112970932980785
2022-08-17 00:00:00,1715.478911254856,,0.1506339838501105
2022-08-18 00:00:00,1715.478911254856,,0.14850161678075477
2022-08-19 00:00:00,1715.478911254856,,0.15057659901072992
2022-08-22 00:00:00,1715.478911254856,,0.14216810061490395
2022-08-23 00:00:00,1715.478911254856,,0.14968389689991096
2022-08-24 00:00:00,1715.478911254856,,0.15087905558192952
2022-08-25 00:00:00,1715.478911254856,,0.1530491959734145
2022-08-26 00:00:00,1715.478911254856,,0.14120565796954843
2022-08-29 00:00:00,1715.478911254856,,0.16445989708028785
2022-08-30 00:00:00,1715.478911254856,,0.1703113766348508
2022-09-01 00:00:00,1715.478911254856,,0.17668630414709446
2022-09-02 00:00:00,1715.478911254856,,0.17472266757989868
2022-09-05 00:00:00,1715.478911254856,,0.17629997626295965
2022-09-06 00:00:00,1715.478911254856,,0.17102948476744473
2022-09-07 00:00:00,1715.478911254856,,0.17003504568663275
2022-09-08 00:00:00,1715.478911254856,,0.17312201870875082
2022-09-09 00:00:00,1715.478911254856,,0.17419058380383756
2022-09-12 00:00:00,1715.478911254856,,0.1769456408800411
2022-09-13 00:00:00,1715.478911254856,,0.17020311716292036
2022-09-14 00:00:00,1715.478911254856,,0.18686901146954651
2022-09-15 00:00:00,1715.478911254856,,0.18860221441246242
2022-09-16 00:00:00,1715.478911254856,,0.20751655218641527
2022-09-19 00:00:00,1715.478911254856,,0.2109152003946593
2022-09-20 00:00:00,1715.478911254856,,0.2126085297633877
2022-09-21 00:00:00,1715.478911254856,,0.21147277542617027
2022-09-22 00:00:00,1715.478911254856,,0.21020658005074042
2022-09-23 00:00:00,1715.478911254856,,0.2127710354357422
2022-09-26 00:00:00,1715.478911254856,,0.21192009919828503
2022-09-27 00:00:00,1715.478911254856,,0.21341266380476068
2022-09-28 00:00:00,1715.478911254856,,0.1983995542069122
2022-09-29 00:00:00,1715.478911254856,,0.1741962160660104
2022-09-30 00:00:00,1715.478911254856,,0.1716856671280462
2022-10-03 00:00:00,1715.478911254856,,0.17273650551255804
2022-10-04 00:00:00,1715.478911254856,,0.20121398867781143
2022-10-06 00:00:00,1715.478911254856,,0.20196984249947408
2022-10-07 00:00:00,1715.478911254856,,0.20232760550505463
2022-10-10 00:00:00,1715.478911254856,,0.20058703643758213
2022-10-11 00:00:00,1715.478911254856,,0.20337588999128564
2022-10-12 00:00:00,1715.478911254856,,0.20295530209533846
2022-10-13 00:00:00,1715.478911254856,,0.20135586398850197
2022-10-14 00:00:00,1715.478911254856,,0.19615993259841444
2022-10-17 00:00:00,1715.478911254856,,0.19561246430421977
2022-10-18 00:00:00,1715.478911254856,,0.16711121478572316
2022-10-19 00:00:00,1715.478911254856,,0.1661602701210824
2022-10-20 00:00:00,1715.478911254856,,0.1666853096596394
2022-10-21 00:00:00,1715.478911254856,,0.16633366369620955
2022-10-24 00:00:00,1715.478911254856,,0.16593067049142773
2022-10-25 00:00:00,1715.478911254856,,0.15823980624484865
2022-10-27 00:00:00,1715.478911254856,,0.15686198200271337
2022-10-28 00:00:00,1715.478911254856,,0.1569228661965433
2022-10-31 00:00:00,1715.478911254856,,0.15864175146648812
2022-11-01 00:00:00,1715.478911254856,,0.15870008443673303
2022-11-02 00:00:00,1715.478911254856,,0.15796285529929596
2022-11-03 00:00:00,1715.478911254856,,0.15814361281978578
2022-11-04 00:00:00,1715.478911254856,,0.1312115849590339
2022-11-07 00:00:00,1715.478911254856,,0.131181551368524
2022-11-09 00:00:00,1715.478911254856,,0.12906365909564757
2022-11-10 00:00:00,1715.478911254856,,0.13008882927063317
2022-11-11 00:00:00,1715.478911254856,,0.1637722922765381
2022-11-14 00:00:00,1715.478911254856,,0.16358272445628705
2022-11-15 00:00:00,1715.478911254856,,0.16176345453453517
2022-11-16 00:00:00,1715.478911254856,,0.15810143149687536
2022-11-17 00:00:00,1715.478911254856,,0.1602855750262237
2022-11-18 00:00:00,1715.478911254856,,0.1599594892128161
2022-11-21 00:00:00,1715.478911254856,,0.17318925473578967
2022-11-22 00:00:00,1715.478911254856,,0.1734542611663533
2022-11-23 00:00:00,1715.478911254856,,0.171117237102055
2022-11-24 00:00:00,1715.478911254856,,0.17958141235565245
2022-11-25 00:00:00,1715.478911254856,,0.1780718100841557
2022-11-28 00:00:00,1715.478911254856,,0.1781138921148537
2022-11-29 00:00:00,1715.478911254856,,0.17832156888913872
2022-11-30 00:00:00,1715.478911254856,,0.17390190590088472
2022-12-01 00:00:00,1715.478911254856,,0.1733408915700986
2022-12-02 00:00:00,1715.478911254856,,0.17634960035895456
2022-12-05 00:00:00,1715.478911254856,,0.1734399482252663
2022-12-06 00:00:00,1715.478911254856,,0.17737296660286683
2022-12-07 00:00:00,1715.478911254856,,0.1789639897603528
2022-12-08 00:00:00,1715.478911254856,,0.17859120732458045
2022-12-09 00:00:00,1715.478911254856,,0.18806099436460222
2022-12-12 00:00:00,1715.478911254856,,0.13063265221135734
2022-12-13 00:00:00,1715.478911254856,,0.1348755726201863
2022-12-14 00:00:00,1715.478911254856,,0.13640021981587194
2022-12-15 00:00:00,1715.478911254856,,0.15105118393926537
2022-12-16 00:00:00,1715.478911254856,,0.1539572307404898
2022-12-19 00:00:00,1715.478911254856,,0.15423109372794533
2022-12-20 00:00:00,1715.478911254856,,0.14580119772238942
2022-12-21 00:00:00,1715.478911254856,,0.14364613994344463
2022-12-22 00:00:00,1715.478911254856,,0.1436418410880699
2022-12-23 00:00:00,1715.478911254856,,0.13100467435848687
2022-12-26 00:00:00,1715.478911254856,,0.13582590587954935
2022-12-27 00:00:00,1715.478911254856,,0.1367778058060678
2022-12-28 00:00:00,1715.478911254856,,0.13641326981195645
2022-12-29 00:00:00,1715.478911254856,,0.1369673352613411
2022-12-30 00:00:00,1715.478911254856,,0.12538806578083872
2023-01-02 00:00:00,1715.478911254856,,0.1263097301297375
2023-01-03 00:00:00,1715.478911254856,,0.12899311929744053
2023-01-04 00:00:00,1715.478911254856,,0.13079001925186373
2023-01-05 00:00:00,1715.478911254856,,0.1310566497187119
2023-01-06 00:00:00,1715.478911254856,,0.13835102181621461
2023-01-09 00:00:00,1715.478911254856,,0.15579664526168177
2023-01-10 00:00:00,1715.478911254856,,0.16123446297717145
2023-01-11 00:00:00,1715.478911254856,,0.15795958910936794
2023-01-12 00:00:00,1715.478911254856,,0.15569078259079344
2023-01-13 00:00:00,1715.478911254856,,0.1455932166526721
2023-01-16 00:00:00,1715.478911254856,,0.14189899560391253
2023-01-17 00:00:00,1715.478911254856,,0.14751926581120137
2023-01-18 00:00:00,1715.478911254856,,0.14783481815740132
2023-01-19 00:00:00,1715.478911254856,,0.14800294162533756
2023-01-20 00:00:00,1715.478911254856,,0.14860053603798587
2023-01-23 00:00:00,1715.478911254856,,0.14046579875797263
2023-01-24 00:00:00,1715.478911254856,,0.13826078817568557
2023-01-25 00:00:00,1715.478911254856,,0.14431865837363167
2023-01-27 00:00:00,1715.478911254856,,0.15270719841839728
2023-01-30 00:00:00,1715.478911254856,,0.15390343624685215
2023-01-31 00:00:00,1715.478911254856,,0.15818919119983668
2023-02-01 00:00:00,1715.478911254856,,0.16121730678904703
2023-02-02 00:00:00,1715.478911254856,,0.16153481722552424
2023-02-03 00:00:00,1715.478911254856,,0.16099138655416312
2023-02-06 00:00:00,1715.478911254856,,0.16357827905717381
2023-02-07 00:00:00,1715.478911254856,,0.15255923975426605
2023-02-08 00:00:00,1715.478911254856,,0.13907790459830796
2023-02-09 00:00:00,1715.478911254856,,0.1292599785835252
2023-02-10 00:00:00,1715.478911254856,,0.12970754636920928
2023-02-13 00:00:00,1715.478911254856,,0.13960855647823686
2023-02-14 00:00:00,1715.478911254856,,0.14236083484143744
2023-02-15 00:00:00,1715.478911254856,,0.14305385954981326
2023-02-16 00:00:00,1715.478911254856,,0.13781641530150104
2023-02-17 00:00:00,1715.478911254856,,0.14164051776373832
2023-02-20 00:00:00,1715.478911254856,,0.14231965653720133
2023-02-21 00:00:00,1715.478911254856,,0.14252843617530417
2023-02-22 00:00:00,1715.478911254856,,0.15007770192734846
2023-02-23 00:00:00,1715.478911254856,,0.14897250913755244
2023-02-24 00:00:00,1715.478911254856,,0.14486873870244962
2023-02-27 00:00:00,1715.478911254856,,0.14624432634860265
2023-02-28 00:00:00,1715.478911254856,,0.1457915795734148
2023-03-01 00:00:00,1715.478911254856,,0.14710179045176297
2023-03-02 00:00:00,1715.478911254856,,0.14940903692509822
2023-03-03 00:00:00,1715.478911254856,,0.15441577984268767
2023-03-06 00:00:00,1715.478911254856,,0.15310397078470947
2023-03-08 00:00:00,1715.478911254856,,0.15049318814975446
2023-03-09 00:00:00,1715.478911254856,,0.15552858383307716
2023-03-10 00:00:00,1715.478911254856,,0.1499259089868393
2023-03-13 00:00:00,1715.478911254856,,0.15498446423590811
2023-03-14 00:00:00,1715.478911254856,,0.1573015483170226
2023-03-15 00:00:00,1715.478911254856,,0.15477283495898958
2023-03-16 00:00:00,1715.478911254856,,0.14419881832888606
2023-03-17 00:00:00,1715.478911254856,,0.14295886162907373
2023-03-20 00:00:00,1715.478911254856,,0.14106087140555115
2023-03-21 00:00:00,1715.478911254856,,0.14193692611422376
2023-03-22 00:00:00,1715.478911254856,,0.14424111614928267
2023-03-23 00:00:00,1715.478911254856,,0.14454544888765836
2023-03-24 00:00:00,1715.478911254856,,0.1380295008663097
2023-03-27 00:00:00,1715.478911254856,,0.14159954383641227
2023-03-28 00:00:00,1715.478911254856,,0.14202850912581091
2023-03-29 00:00:00,1715.478911254856,,0.13802185911101786
2023-03-31 00:00:00,1715.478911254856,,0.16730897600124164
2023-04-03 00:00:00,1715.478911254856,,0.16184755098499426
2023-04-05 00:00:00,1715.478911254856,,0.16177899297673035
2023-04-06 00:00:00,1715.478911254856,,0.15534020164766899
2023-04-10 00:00:00,1715.478911254856,,0.15024083138716735
2023-04-11 00:00:00,1715.478911254856,,0.1516791317460893
2023-04-12 00:00:00,1715.478911254856,,0.15232956554607133
2023-04-13 00:00:00,1715.478911254856,,0.152814020933945
2023-04-17 00:00:00,1715.478911254856,,0.1785754622535737
2023-04-18 00:00:00,1715.478911254856,,0.17506313763504022
2023-04-19 00:00:00,1715.478911254856,,0.17524474567538834
2023-04-20 00:00:00,1715.478911254856,,0.175035662292803
2023-04-21 00:00:00,1715.478911254856,,0.17668169726906224
2023-04-24 00:00:00,1715.478911254856,,0.17369199878189812
2023-04-25 00:00:00,1715.478911254856,,0.17376993511708932
2023-04-26 00:00:00,1715.478911254856,,0.17384481759733006
2023-04-27 00:00:00,1715.478911254856,,0.172582922331265
2023-04-28 00:00:00,1715.478911254856,,0.17437946588241157
2023-05-02 00:00:00,1715.478911254856,,0.17464019158238106
2023-05-03 00:00:00,1715.478911254856,,0.1767860647958235
2023-05-04 00:00:00,1715.478911254856,,0.18077815995906238
2023-05-05 00:00:00,1715.478911254856,,0.1659099425387338
2023-05-08 00:00:00,1715.478911254856,,0.16842560991445454
2023-05-09 00:00:00,1715.478911254856,,0.16372899874307467
2023-05-10 00:00:00,1715.478911254856,,0.16381803503130107
2023-05-11 00:00:00,1715.478911254856,,0.16330009785768637
2023-05-12 00:00:00,1715.478911254856,,0.16132945659995204
2023-05-15 00:00:00,1715.478911254856,,0.1565978399436667
2023-05-16 00:00:00,1715.478911254856,,0.152342327405883
2023-05-17 00:00:00,1715.478911254856,,0.11047334874342223
2023-05-18 00:00:00,1715.478911254856,,0.10949763539723202
2023-05-19 00:00:00,1715.478911254856,,0.10700581704932521
2023-05-22 00:00:00,1715.478911254856,,0.11449597778904466
2023-05-23 00:00:00,1715.478911254856,,0.11245586496449617
2023-05-24 00:00:00,1715.478911254856,,0.11347010332511853
2023-05-25 00:00:00,1715.478911254856,,0.11317114612375093
2023-05-26 00:00:00,1715.478911254856,,0.11880985882808946
2023-05-29 00:00:00,1715.478911254856,,0.11835311713666262
2023-05-30 00:00:00,1715.478911254856,,0.11539390174034128
2023-05-31 00:00:00,1715.478911254856,,0.12142873499155966
2023-06-01 00:00:00,1715.478911254856,,0.11862535278448016
2023-06-02 00:00:00,1715.478911254856,,0.11217528701984567
2023-06-05 00:00:00,1715.478911254856,,0.09709892341535235
2023-06-06 00:00:00,1715.478911254856,,0.10273172821097178
2023-06-07 00:00:00,1715.478911254856,,0.10608365674480173
2023-06-08 00:00:00,1715.478911254856,,0.10769179907925212
2023-06-09 00:00:00,1715.478911254856,,0.11014490412119914
2023-06-12 00:00:00,1715.478911254856,,0.11377999055166725
2023-06-13 00:00:00,1715.478911254856,,0.11487919442145957
2023-06-14 00:00:00,1715.478911254856,,0.11463210525513567
2023-06-15 00:00:00,1715.478911254856,,0.10958318545411572
2023-06-16 00:00:00,1715.478911254856,,0.10946750050974295
2023-06-19 00:00:00,1715.478911254856,,0.10683170784850225
2023-06-20 00:00:00,1715.478911254856,,0.0976493234705155
2023-06-21 00:00:00,1715.478911254856,,0.10055707027394441
2023-06-22 00:00:00,1715.478911254856,,0.1025128386722781
2023-06-23 00:00:00,1715.478911254856,,0.10557602621190149
2023-06-26 00:00:00,1715.478911254856,,0.09727867599813678
2023-06-27 00:00:00,1715.478911254856,,0.0993505293381284
2023-06-28 00:00:00,1715.478911254856,,0.10498219431577849
2023-06-30 00:00:00,1715.478911254856,,0.12349099979571293
2023-07-03 00:00:00,1715.478911254856,,0.12353969012471187
2023-07-04 00:00:00,1715.478911254856,,0.1233280801650338
2023-07-05 00:00:00,1715.478911254856,,0.12592670864028882
2023-07-06 00:00:00,1715.478911254856,,0.11666219233578282
2023-07-07 00:00:00,1715.478911254856,,0.11560811543147882
2023-07-10 00:00:00,1715.478911254856,,0.11323064932882757
2023-07-11 00:00:00,1715.478911254856,,0.10862283682756536
2023-07-12 00:00:00,1715.478911254856,,0.11021693206361415
2023-07-13 00:00:00,1715.478911254856,,0.11809149531522078
2023-07-14 00:00:00,1715.478911254856,,0.1515724596618115
2023-07-17 00:00:00,1715.478911254856,,0.14739397810813146
2023-07-18 00:00:00,1715.478911254856,,0.14843977638938735
2023-07-19 00:00:00,1715.478911254856,,0.14940541181816183
2023-07-20 00:00:00,1715.478911254856,,0.15184788205032698
2023-07-21 00:00:00,1715.478911254856,,0.2081143318365161
2023-07-24 00:00:00,1715.478911254856,,0.20605908864077602
2023-07-25 00:00:00,1715.478911254856,,0.20335983463309673
2023-07-26 00:00:00,1715.478911254856,,0.20175349950388802
2023-07-27 00:00:00,1715.478911254856,,0.20223963373515216
2023-07-28 00:00:00,1715.478911254856,,0.20441829600169445
2023-07-31 00:00:00,1715.478911254856,,0.1946454543170603
2023-08-01 00:00:00,1715.478911254856,,0.19478068885801111
2023-08-02 00:00:00,1715.478911254856,,0.1963740815458262
2023-08-03 00:00:00,1715.478911254856,,0.1962854856098867
2023-08-04 00:00:00,1715.478911254856,,0.20046128460588059
2023-08-07 00:00:00,1715.478911254856,,0.20085545076143865
2023-08-08 00:00:00,1715.478911254856,,0.20140100998490593
2023-08-09 00:00:00,1715.478911254856,,0.20114919765861128
2023-08-10 00:00:00,1715.478911254856,,0.20045282161393063
2023-08-11 00:00:00,1715.478911254856,,0.19564086054032528
2023-08-14 00:00:00,1715.478911254856,,0.16601936474337955
2023-08-16 00:00:00,1715.478911254856,,0.16571709871532952
2023-08-17 00:00:00,1715.478911254856,,0.16224709606641227
2023-08-18 00:00:00,1715.478911254856,,0.16548635718660099
2023-08-21 00:00:00,1715.478911254856,,0.1668710318524316
2023-08-22 00:00:00,1715.478911254856,,0.10452680834243509
2023-08-23 00:00:00,1715.478911254856,,0.10509088043252413
2023-08-24 00:00:00,1715.478911254856,,0.1051574592953712
2023-08-25 00:00:00,1715.478911254856,,0.10548645225164097
2023-08-28 00:00:00,1715.478911254856,,0.10530830742302752
2023-08-29 00:00:00,1715.478911254856,,0.100597648682974
2023-08-30 00:00:00,1715.478911254856,,0.09074938266740919
2023-08-31 00:00:00,1715.478911254856,,0.09097439042222331
2023-09-01 00:00:00,1715.478911254856,,0.08963231568449391
2023-09-04 00:00:00,1715.478911254856,,0.09297885086611718
2023-09-05 00:00:00,1715.478911254856,,0.08241434139064642
2023-09-06 00:00:00,1715.478911254856,,0.07835203233132752
2023-09-07 00:00:00,1715.478911254856,,0.07852718950239627
2023-09-08 00:00:00,1715.478911254856,,0.07873043956448486
2023-09-11 00:00:00,1715.478911254856,,0.08189806279587643
2023-09-12 00:00:00,1715.478911254856,,0.08998785765514553
2023-09-13 00:00:00,1715.478911254856,,0.08928231610618637
2023-09-14 00:00:00,1715.478911254856,,0.08858925615644188
2023-09-15 00:00:00,1715.478911254856,,0.08575032725906637
2023-09-18 00:00:00,1715.478911254856,,0.08086604882706648
2023-09-20 00:00:00,1715.478911254856,,0.09534712440829977
2023-09-21 00:00:00,1715.478911254856,,0.0951541788382825
2023-09-22 00:00:00,1715.478911254856,,0.09585276345388898
2023-09-25 00:00:00,1715.478911254856,,0.09913035479389692
2023-09-26 00:00:00,1715.478911254856,,0.0974274456000876
2023-09-27 00:00:00,1715.478911254856,,0.09730417635063189
2023-09-28 00:00:00,1715.478911254856,,0.10856450366312352
2023-09-29 00:00:00,1715.478911254856,,0.10819137063184556
2023-10-03 00:00:00,1715.478911254856,,0.10881973105871812
2023-10-04 00:00:00,1715.478911254856,,0.11033130183261836
2023-10-05 00:00:00,1715.478911254856,,0.11074311567125932
2023-10-06 00:00:00,1715.478911254856,,0.11206492233939812
2023-10-09 00:00:00,1715.478911254856,,0.11211576295090168
2023-10-10 00:00:00,1715.478911254856,,0.1124770705930069
2023-10-11 00:00:00,1715.478911254856,,0.11268001729758927
2023-10-12 00:00:00,1715.478911254856,,0.11368994090658377
2023-10-13 00:00:00,1715.478911254856,,0.10336249057206486
2023-10-16 00:00:00,1715.478911254856,,0.10415831614640422
2023-10-17 00:00:00,1715.478911254856,,0.1047044981460682
2023-10-18 00:00:00,1715.478911254856,,0.10098375485608319
2023-10-19 00:00:00,1715.478911254856,,0.09956481656881035
2023-10-20 00:00:00,1715.478911254856,,0.09361681559714728
2023-10-23 00:00:00,1715.478911254856,,0.10841751723999152
2023-10-25 00:00:00,1715.478911254856,,0.1099217036019653
2023-10-26 00:00:00,1715.478911254856,,0.11733969524594483
2023-10-27 00:00:00,1715.478911254856,,0.12415705972849597
2023-10-30 00:00:00,1715.478911254856,,0.12896341863573557
2023-10-31 00:00:00,1715.478911254856,,0.12354792512653841
2023-11-01 00:00:00,1715.478911254856,,0.12441609359411715
2023-11-02 00:00:00,1715.478911254856,,0.12805659454219978
2023-11-03 00:00:00,1715.478911254856,,0.12559192828165391
2023-11-06 00:00:00,1715.478911254856,,0.12484222222725996
2023-11-07 00:00:00,1715.478911254856,,0.12201488228760224
2023-11-08 00:00:00,1715.478911254856,,0.12226912618422786
2023-11-09 00:00:00,1715.478911254856,,0.12288706590750272
2023-11-10 00:00:00,1715.478911254856,,0.12150621389393189
2023-11-13 00:00:00,1715.478911254856,,0.11894236525703951
2023-11-15 00:00:00,1715.478911254856,,0.14049964446031438
2023-11-16 00:00:00,1715.478911254856,,0.15200524432601878
2023-11-17 00:00:00,1715.478911254856,,0.15192681134980404
2023-11-20 00:00:00,1715.478911254856,,0.14937585267835957
2023-11-21 00:00:00,1715.478911254856,,0.14813985809319877
2023-11-22 00:00:00,1715.478911254856,,0.14855835241157736
2023-11-23 00:00:00,1715.478911254856,,0.13366117285151652
2023-11-24 00:00:00,1715.478911254856,,0.13246957331730094
2023-11-28 00:00:00,1715.478911254856,,0.11780962237667457
2023-11-29 00:00:00,1715.478911254856,,0.12046057057839665
2023-11-30 00:00:00,1715.478911254856,,0.12140865320715351
2023-12-01 00:00:00,1715.478911254856,,0.11823226341330499
2023-12-04 00:00:00,1715.478911254856,,0.1178161316345424
2023-12-05 00:00:00,1715.478911254856,,0.11645739374979784
2023-12-06 00:00:00,1715.478911254856,,0.12162918694945268
2023-12-07 00:00:00,1715.478911254856,,0.12066329733966084
2023-12-08 00:00:00,1715.478911254856,,0.11979964746731082
2023-12-11 00:00:00,1715.478911254856,,0.11960365485868488
2023-12-12 00:00:00,1715.478911254856,,0.11341589706066235
2023-12-13 00:00:00,1715.478911254856,,0.12525963732752932
2023-12-14 00:00:00,1715.478911254856,,0.13820566374218252
2023-12-15 00:00:00,1715.478911254856,,0.16472553518319338
2023-12-18 00:00:00,1715.478911254856,,0.16007508674915913
2023-12-19 00:00:00,1715.478911254856,,0.16075664672173942
2023-12-20 00:00:00,1715.478911254856,,0.16633143732834169
2023-12-21 00:00:00,1715.478911254856,,0.16672715240741356
2023-12-22 00:00:00,1715.478911254856,,0.16681419985902204
2023-12-26 00:00:00,1715.478911254856,,0.16746699161697723
2023-12-27 00:00:00,1715.478911254856,,0.16427252945110293
2023-12-28 00:00:00,1715.478911254856,,0.16485379342629028
2023-12-29 00:00:00,1715.478911254856,,0.16500392394025823
2024-01-01 00:00:00,1715.478911254856,,0.1620270925226574
2024-01-02 00:00:00,1715.478911254856,,0.16417145456900778
2024-01-03 00:00:00,1715.478911254856,,0.18267572750271688
2024-01-04 00:00:00,1715.478911254856,,0.18276771672493694
2024-01-05 00:00:00,1715.478911254856,,0.1806619598334789
2024-01-08 00:00:00,1715.478911254856,,0.18629762633914673
2024-01-09 00:00:00,1715.478911254856,,0.1846861352787574
2024-01-10 00:00:00,1715.478911254856,,0.18557720794922616
2024-01-11 00:00:00,1715.478911254856,,0.1847220446912618
2024-01-12 00:00:00,1715.478911254856,,0.2070554119629973
2024-01-15 00:00:00,1715.478911254856,,0.2019117017657138
2024-01-16 00:00:00,1715.478911254856,,0.17211984975626118
2024-01-17 00:00:00,1715.478911254856,,0.1838271216453621
2024-01-18 00:00:00,1715.478911254856,,0.18428194046848984
2024-01-19 00:00:00,1715.478911254856,,0.18243794807498587
2024-01-23 00:00:00,1715.478911254856,,0.19784559748825759
2024-01-24 00:00:00,1715.478911254856,,0.19963332681585735
2024-01-25 00:00:00,1715.478911254856,,0.20038478772538648
2024-01-29 00:00:00,1715.478911254856,,0.20280201269564874
2024-01-30 00:00:00,1715.478911254856,,0.204353561601652
2024-01-31 00:00:00,1715.478911254856,,0.20568310989842856
2024-02-01 00:00:00,1715.478911254856,,0.20596082678211924
2024-02-02 00:00:00,1715.478911254856,,0.2127483099715339
2024-02-05 00:00:00,1715.478911254856,,0.19695307105616872
2024-02-06 00:00:00,1715.478911254856,,0.20566651103349165
2024-02-07 00:00:00,1715.478911254856,,0.2087734388431628
2024-02-08 00:00:00,1715.478911254856,,0.2031791580112451
2024-02-09 00:00:00,1715.478911254856,,0.203582618106874
2024-02-12 00:00:00,1715.478911254856,,0.20388293222036313
2024-02-13 00:00:00,1715.478911254856,,0.20421753360030828
2024-02-14 00:00:00,1715.478911254856,,0.1732777717248986
2024-02-15 00:00:00,1715.478911254856,,0.16621191819604314
2024-02-16 00:00:00,1715.478911254856,,0.16428697330840106
2024-02-19 00:00:00,1715.478911254856,,0.15116481214867997
2024-02-20 00:00:00,1715.478911254856,,0.1506935128757714
2024-02-21 00:00:00,1715.478911254856,,0.1548586947333397
2024-02-22 00:00:00,1715.478911254856,,0.13525109540548838
2024-02-23 00:00:00,1715.478911254856,,0.1333703797229003
2024-02-26 00:00:00,1715.478911254856,,0.13463925961445683
2024-02-27 00:00:00,1715.478911254856,,0.13235364250912648
2024-02-28 00:00:00,1715.478911254856,,0.1295677645749269
2024-02-29 00:00:00,1715.478911254856,,0.12804339189702385
2024-03-01 00:00:00,1715.478911254856,,0.1284806283625603
2024-03-04 00:00:00,1715.478911254856,,0.11592955386985893
2024-03-05 00:00:00,1715.478911254856,,0.12138779233426576
2024-03-06 00:00:00,1715.478911254856,,0.10265990585633404
2024-03-07 00:00:00,1715.478911254856,,0.09693370092392252
2024-03-11 00:00:00,1715.478911254856,,0.09844581150136134
2024-03-12 00:00:00,1715.478911254856,,0.1099790214738977
2024-03-13 00:00:00,1715.478911254856,,0.11437640452505024
2024-03-14 00:00:00,1715.478911254856,,0.11860250398206792
2024-03-15 00:00:00,1715.478911254856,,0.11680231600291975
2024-03-18 00:00:00,1715.478911254856,,0.11979629453316155
2024-03-19 00:00:00,1715.478911254856,,0.14220035870078104
2024-03-20 00:00:00,1715.478911254856,,0.1422059561769696
2024-03-21 00:00:00,1715.478911254856,,0.14303022414945502
2024-03-22 00:00:00,1715.478911254856,,0.14517126309959053
2024-03-26 00:00:00,1715.478911254856,,0.14046019336457446
2024-03-27 00:00:00,1715.478911254856,,0.1419506180522431
2024-03-28 00:00:00,1715.478911254856,,0.14319913106536586
2024-04-01 00:00:00,1715.478911254856,,0.14081239287975367
2024-04-02 00:00:00,1715.478911254856,,0.14089928560124876
2024-04-03 00:00:00,1715.478911254856,,0.14236557851254086
2024-04-04 00:00:00,1715.478911254856,,0.14793581145751178
2024-04-05 00:00:00,1715.478911254856,,0.14792517905445535
2024-04-08 00:00:00,1715.478911254856,,0.14416686604710907
2024-04-09 00:00:00,1715.478911254856,,0.14161697488174316
2024-04-10 00:00:00,1715.478911254856,,0.1431834467095663
2024-04-12 00:00:00,1715.478911254856,,0.14341922140964664
2024-04-15 00:00:00,1715.478911254856,,0.138157985123087
2024-04-16 00:00:00,1715.478911254856,,0.14139010933826912
2024-04-18 00:00:00,1715.478911254856,,0.13374322663820767
2024-04-19 00:00:00,1715.478911254856,,0.1343624920537775
2024-04-22 00:00:00,1715.478911254856,,0.13515716580696227
2024-04-23 00:00:00,1715.478911254856,,0.10995443806461357
2024-04-24 00:00:00,1715.478911254856,,0.1117654203709233
2024-04-25 00:00:00,1715.478911254856,,0.112355514959682
2024-04-26 00:00:00,1715.478911254856,,0.10505175844078947
2024-04-29 00:00:00,1715.478911254856,,0.10499433379984335
2024-04-30 00:00:00,1715.478911254856,,0.10846196539820109
2024-05-02 00:00:00,1715.478911254856,,0.10772913166246674
2024-05-03 00:00:00,1715.478911254856,,0.1073131894734417
2024-05-06 00:00:00,1715.478911254856,,0.11087945168134342
2024-05-07 00:00:00,1715.478911254856,,0.11046978810275268
2024-05-08 00:00:00,1715.478911254856,,0.10170433424666614
2024-05-09 00:00:00,1715.478911254856,,0.10425663278189012
2024-05-10 00:00:00,1715.478911254856,,0.10453239487455827
2024-05-13 00:00:00,1715.478911254856,,0.10881723436552326
2024-05-14 00:00:00,1715.478911254856,,0.10579485325774142
2024-05-15 00:00:00,1715.478911254856,,0.10620314846676841
2024-05-16 00:00:00,1715.478911254856,,0.11337742589779204
2024-05-17 00:00:00,1715.478911254856,,0.10591925795522539
2024-05-21 00:00:00,1715.478911254856,,0.1063511597197879
2024-05-22 00:00:00,1715.478911254856,,0.10962502094423413
2024-05-23 00:00:00,1715.478911254856,,0.12255869836866176
2024-05-24 00:00:00,1715.478911254856,,0.12298755537751126
2024-05-27 00:00:00,1715.478911254856,,0.12020793012803539
2024-05-28 00:00:00,1715.478911254856,,0.11994463177845248
2024-05-29 00:00:00,1715.478911254856,,0.12511776750547723
2024-05-30 00:00:00,1715.478911254856,,0.1264651698533195
2024-05-31 00:00:00,1715.478911254856,,0.12364858025251278
2024-06-03 00:00:00,1715.478911254856,,0.1386362241579147
2024-06-04 00:00:00,1715.478911254856,,0.166165020101278
2024-06-05 00:00:00,1715.478911254856,,0.18190083957149272
2024-06-06 00:00:00,1715.478911254856,,0.19165346253441212
2024-06-07 00:00:00,1715.478911254856,,0.20492838542491038
2024-06-10 00:00:00,1715.478911254856,,0.20648029203238924
2024-06-11 00:00:00,1715.478911254856,,0.20539842195348088
2024-06-12 00:00:00,1715.478911254856,,0.2048714302021921
2024-06-13 00:00:00,1715.478911254856,,0.20549897123349242
2024-06-14 00:00:00,1715.478911254856,,0.20361972183555468
2024-06-18 00:00:00,1715.478911254856,,0.1985362404470886
2024-06-19 00:00:00,1715.478911254856,,0.196873518579427
2024-06-20 00:00:00,1715.478911254856,,0.19575942120141324
2024-06-21 00:00:00,1715.478911254856,,0.19483604430165383
2024-06-24 00:00:00,1715.478911254856,,0.1875738267427648
2024-06-25 00:00:00,1715.478911254856,,0.18996546800992303
2024-06-26 00:00:00,1715.478911254856,,0.1908127178893112
2024-06-27 00:00:00,1715.478911254856,,0.19412142700135357
2024-06-28 00:00:00,1715.478911254856,,0.18808814511622132
2024-07-01 00:00:00,1715.478911254856,,0.18258897308035207
2024-07-02 00:00:00,1715.478911254856,,0.18253342535973927
2024-07-03 00:00:00,1715.478911254856,,0.1772188891183113
2024-07-04 00:00:00,1715.478911254856,,0.13592224671723502
2024-07-05 00:00:00,1715.478911254856,,0.13005455089734705
2024-07-08 00:00:00,1715.478911254856,,0.12158173177897018
2024-07-09 00:00:00,1715.478911254856,,0.10213367902675391
2024-07-10 00:00:00,1715.478911254856,,0.10272942311906878
2024-07-11 00:00:00,1715.478911254856,,0.10133607033590941
2024-07-12 00:00:00,1715.478911254856,,0.14793854315435842
2024-07-15 00:00:00,1715.478911254856,,0.1490565320409744
2024-07-16 00:00:00,1715.478911254856,,0.14819306184640013
2024-07-18 00:00:00,1715.478911254856,,0.15454914624688684
2024-07-19 00:00:00,1715.478911254856,,0.15541444963440945
2024-07-22 00:00:00,1715.478911254856,,0.1561910525830968
2024-07-23 00:00:00,1715.478911254856,,0.15674824329220383
2024-07-24 00:00:00,1715.478911254856,,0.15680856594971507
2024-07-25 00:00:00,1715.478911254856,,0.1550383159689906
2024-07-26 00:00:00,1715.478911254856,,0.15922153997193317
2024-07-29 00:00:00,1715.478911254856,,0.15652544664716025
2024-07-30 00:00:00,1715.478911254856,,0.15601438794389158
2024-07-31 00:00:00,1715.478911254856,,0.15259567350535574
2024-08-01 00:00:00,1715.478911254856,,0.14896049726376218
2024-08-02 00:00:00,1715.478911254856,,0.1579185503108373
2024-08-05 00:00:00,1715.478911254856,,0.19687231783296708
2024-08-06 00:00:00,1715.478911254856,,0.1948772342204988
2024-08-07 00:00:00,1715.478911254856,,0.198992565954599
2024-08-08 00:00:00,1715.478911254856,,0.20127890534367035
2024-08-09 00:00:00,1715.478911254856,,0.2010223696151966
2024-08-12 00:00:00,1715.478911254856,,0.2010779240900529
2024-08-13 00:00:00,1715.478911254856,,0.16500548949176858
2024-08-14 00:00:00,1715.478911254856,,0.1704864899013723
2024-08-16 00:00:00,1715.478911254856,,0.18356346697079745
2024-08-19 00:00:00,1715.478911254856,,0.17694095176572683
2024-08-20 00:00:00,1715.478911254856,,0.17752231778199495
2024-08-21 00:00:00,1715.478911254856,,0.17741445081089138
2024-08-22 00:00:00,1715.478911254856,,0.17785149093109154
2024-08-23 00:00:00,1715.478911254856,,0.17950745181310362
2024-08-26 00:00:00,1715.478911254856,,0.1813433309209122
2024-08-27 00:00:00,1715.478911254856,,0.17478698467635817
2024-08-28 00:00:00,1715.478911254856,,0.17516634795013644
2024-08-29 00:00:00,1715.478911254856,,0.175208555820426
2024-08-30 00:00:00,1715.478911254856,,0.17526937606934925
2024-09-02 00:00:00,1715.478911254856,,0.1752584116452738
2024-09-03 00:00:00,1715.478911254856,,0.16839831824901616
2024-09-04 00:00:00,1715.478911254856,,0.117124416063962
2024-09-05 00:00:00,1715.478911254856,,0.11760191501812975
2024-09-06 00:00:00,1715.478911254856,,0.12055632501156474
2024-09-09 00:00:00,1715.478911254856,,0.11524358552290954
2024-09-10 00:00:00,1715.478911254856,,0.11058185297098409
2024-09-11 00:00:00,1715.478911254856,,0.11283833154569325
2024-09-12 00:00:00,1715.478911254856,,0.11623303366038562
2024-09-13 00:00:00,1715.478911254856,,0.11147315238434823
2024-09-16 00:00:00,1715.478911254856,,0.09020082099772847
2024-09-17 00:00:00,1715.478911254856,,0.08610776720070004
2024-09-18 00:00:00,1715.478911254856,,0.10710015690015959
2024-09-19 00:00:00,1715.478911254856,,0.10702095729202069
2024-09-20 00:00:00,1715.478911254856,,0.10946447890137984
2024-09-23 00:00:00,1715.478911254856,,0.107307474695152
2024-09-24 00:00:00,1715.478911254856,,0.10314985438661597
2024-09-25 00:00:00,1715.478911254856,,0.10331294440866896
2024-09-26 00:00:00,1715.478911254856,,0.10223372747700048
2024-09-27 00:00:00,1715.478911254856,,0.10197088521513134
2024-09-30 00:00:00,1715.478911254856,,0.11418772343081772
2024-10-01 00:00:00,1715.478911254856,,0.11515516750168817
2024-10-03 00:00:00,1715.478911254856,,0.13069976450816745
2024-10-04 00:00:00,1715.478911254856,,0.13049524063933318
2024-10-07 00:00:00,1715.478911254856,,0.1306416284766062
2024-10-08 00:00:00,1715.478911254856,,0.1310305544659844
2024-10-09 00:00:00,1715.478911254856,,0.13170659403566526
2024-10-10 00:00:00,1715.478911254856,,0.12812486591582178
2024-10-11 00:00:00,1715.478911254856,,0.12877308505714455
2024-10-14 00:00:00,1715.478911254856,,0.11896690014476582
2024-10-15 00:00:00,1715.478911254856,,0.1196897212584479
2024-10-16 00:00:00,1715.478911254856,,0.11934411602804959
2024-10-17 00:00:00,1715.478911254856,,0.12123333411678244
2024-10-18 00:00:00,1715.478911254856,,0.10754892778031082
2024-10-21 00:00:00,1715.478911254856,,0.10768734170843168
2024-10-22 00:00:00,1715.478911254856,,0.10838226166197987
2024-10-23 00:00:00,1715.478911254856,,0.11565597207571414
2024-10-24 00:00:00,1715.478911254856,,0.11517923172811743
2024-10-25 00:00:00,1715.478911254856,,0.11433418568778134
2024-10-28 00:00:00,1715.478911254856,,0.11433895418861696
2024-10-29 00:00:00,1715.478911254856,,0.114026119360603
2024-10-30 00:00:00,1715.478911254856,,0.10402138524057575
2024-10-31 00:00:00,1715.478911254856,,0.11652647165032978
2024-11-01 00:00:00,1715.478911254856,,0.10247367802305814
2024-11-04 00:00:00,1715.478911254856,,0.10558160605714599
2024-11-05 00:00:00,1715.478911254856,,0.10857525279282526
2024-11-06 00:00:00,1715.478911254856,,0.14431123607493931
2024-11-07 00:00:00,1715.478911254856,,0.14453390543451972
2024-11-08 00:00:00,1715.478911254856,,0.14450043011162106
2024-11-11 00:00:00,1715.478911254856,,0.14626354045399692
2024-11-12 00:00:00,1715.478911254856,,0.14510369794506026
2024-11-13 00:00:00,1715.478911254856,,0.14944306566184185
2024-11-14 00:00:00,1715.478911254856,,0.14960973487204587
2024-11-18 00:00:00,1715.478911254856,,0.15991229957771091
2024-11-19 00:00:00,1715.478911254856,,0.16039875819677152
2024-11-21 00:00:00,1715.478911254856,,0.16060078258353158
2024-11-22 00:00:00,1715.478911254856,,0.18922748104803114
2024-11-25 00:00:00,1715.478911254856,,0.1911468022501871
2024-11-26 00:00:00,1715.478911254856,,0.19262703571859233
2024-11-27 00:00:00,1715.478911254856,,0.19226170379156982
2024-11-28 00:00:00,1715.478911254856,,0.2083394334847331
2024-11-29 00:00:00,1715.478911254856,,0.20906108660479103
2024-12-02 00:00:00,1715.478911254856,,0.20854399429393028
2024-12-03 00:00:00,1715.478911254856,,0.19701748125381208
2024-12-04 00:00:00,1715.478911254856,,0.1973805925645359
2024-12-05 00:00:00,1715.478911254856,,0.19823496593023723
2024-12-06 00:00:00,1715.478911254856,,0.2010257509528014
2024-12-09 00:00:00,1715.478911254856,,0.18239917450582177
2024-12-10 00:00:00,1715.478911254856,,0.18052337363348603
2024-12-11 00:00:00,1715.478911254856,,0.1805254040169255
2024-12-12 00:00:00,1715.478911254856,,0.17930716347952694
2024-12-13 00:00:00,1715.478911254856,,0.17781922401423142
2024-12-16 00:00:00,1715.478911254856,,0.1746277038233497
2024-12-17 00:00:00,1715.478911254856,,0.18506697723946414
2024-12-18 00:00:00,1715.478911254856,,0.17070420032096642
2024-12-19 00:00:00,1715.478911254856,,0.18223591909983
2024-12-20 00:00:00,1715.478911254856,,0.1951375529111482
2024-12-23 00:00:00,1715.478911254856,,0.16421972477625524
2024-12-24 00:00:00,1715.478911254856,,0.157650109601527
2024-12-26 00:00:00,1715.478911254856,,0.1539503547822459
2024-12-27 00:00:00,1715.478911254856,,0.1542316795338488
2024-12-30 00:00:00,1715.478911254856,,0.13709206694377135
HDFCBANK,1715.478911254856,0.29223863277393997,
INFY,1715.478911254856,0.24207923423481048,
RELIANCE,1715.478911254856,0.2621835315582533,
TCS,1715.478911254856,0.2798929753050147,
