Date,Rolling_Volatility_21D
2019-01-02,
2019-01-03,
2019-01-04,
2019-01-07,
2019-01-08,
2019-01-09,
2019-01-10,
2019-01-11,
2019-01-14,
2019-01-15,
2019-01-16,
2019-01-17,
2019-01-18,
2019-01-21,
2019-01-22,
2019-01-23,
2019-01-24,
2019-01-25,
2019-01-28,
2019-01-29,
2019-01-30,0.16143296984611497
2019-01-31,0.1791351641373589
2019-02-01,0.1761339210410303
2019-02-04,0.17577820774463465
2019-02-05,0.17625479753572357
2019-02-06,0.17546446044467334
2019-02-07,0.17915396866088254
2019-02-08,0.18279295122229788
2019-02-11,0.18206328515875228
2019-02-12,0.18629145783696566
2019-02-14,0.17772476344643934
2019-02-15,0.1772824113585101
2019-02-18,0.18542775668124656
2019-02-19,0.1879741566019138
2019-02-20,0.17693115574911958
2019-02-21,0.17681974023126948
2019-02-22,0.17103695207123631
2019-02-25,0.17699851737782887
2019-02-26,0.17811354313947597
2019-02-27,0.1777871981103089
2019-02-28,0.1782802705547312
2019-03-01,0.17640323192616764
2019-03-05,0.15199268765234406
2019-03-06,0.14903244727931353
2019-03-07,0.140276810956539
2019-03-08,0.14078440431913072
2019-03-11,0.13759094623331936
2019-03-12,0.1407630795530244
2019-03-13,0.142188235898065
2019-03-14,0.1417482180677163
2019-03-15,0.1413252062197065
2019-03-18,0.12883802242769385
2019-03-19,0.13420548026762472
2019-03-20,0.1241679029603639
2019-03-22,0.11491373332840395
2019-03-25,0.11415093117853913
2019-03-26,0.11705628539487618
2019-03-27,0.11840997307262155
2019-03-28,0.10988949032684689
2019-04-01,0.12139281918528004
2019-04-02,0.12010667555809419
2019-04-03,0.12047615753012537
2019-04-04,0.13490628369969834
2019-04-05,0.13676101675355773
2019-04-08,0.13636494650220746
2019-04-09,0.1363448709938374
2019-04-10,0.14332991726569258
2019-04-11,0.14153910279241239
2019-04-12,0.13962693304290522
2019-04-15,0.1377560639923833
2019-04-16,0.13709017127902418
2019-04-18,0.1383096616055212
2019-04-22,0.1429107561560975
2019-04-23,0.1376913075131456
2019-04-24,0.14386481384660765
2019-04-25,0.142858245954656
2019-04-26,0.14466275787962984
2019-04-30,0.14492794003157733
2019-05-02,0.14575119284179933
2019-05-03,0.14713297807916337
2019-05-06,0.13556544411067517
2019-05-07,0.1374432258004964
2019-05-08,0.14455282463280636
2019-05-09,0.1407791710058277
2019-05-10,0.1362160685457467
2019-05-13,0.13672507736312417
2019-05-14,0.13730892578892268
2019-05-15,0.13245128477352355
2019-05-16,0.14098529405763596
2019-05-17,0.14080751922333232
2019-05-20,0.16414768379863598
2019-05-21,0.16589384034146107
2019-05-22,0.16308435628372886
2019-05-23,0.16592383790937318
2019-05-24,0.16638182347764263
2019-05-27,0.15685443800291451
2019-05-28,0.16468000647059583
2019-05-29,0.15599872560309944
2019-05-30,0.15759586783559418
2019-05-31,0.1576066362964477
2019-06-03,0.16544242632481643
2019-06-04,0.1663621419498324
2019-06-06,0.16687918429517107
2019-06-07,0.1574119565240886
2019-06-10,0.154943451546817
2019-06-11,0.15230676786214412
2019-06-12,0.14998823843437506
2019-06-13,0.15061019096587083
2019-06-14,0.15227631049630175
2019-06-17,0.15435346152031454
2019-06-18,0.15415820414308837
2019-06-19,0.13235692532518467
2019-06-20,0.13203099594466333
2019-06-21,0.13713544502697667
2019-06-24,0.12925035892704995
2019-06-25,0.13162571178775156
2019-06-26,0.13082461846150453
2019-06-27,0.12785284314292011
2019-06-28,0.13152554631762953
2019-07-01,0.12783782239455424
2019-07-02,0.12963471224163467
2019-07-03,0.11599905230498066
2019-07-04,0.11141600977044139
2019-07-05,0.12689500352211525
2019-07-08,0.12804626581174133
2019-07-09,0.12077486573424372
2019-07-10,0.11808422668534146
2019-07-11,0.11937890782197907
2019-07-12,0.11992849801835233
2019-07-15,0.14983147064416547
2019-07-16,0.14550768752673462
2019-07-17,0.14518991916706156
2019-07-18,0.14909734147653078
2019-07-19,0.1477351700332877
2019-07-22,0.14598769894513217
2019-07-23,0.14529296469673772
2019-07-24,0.1414761242863183
2019-07-25,0.14128318150386074
2019-07-26,0.14176396606893113
2019-07-29,0.1391252953450742
2019-07-30,0.13643614217323866
2019-07-31,0.1325611596183352
2019-08-01,0.13554317046346354
2019-08-02,0.13893356801992163
2019-08-05,0.12672927809735812
2019-08-06,0.12750778430233994
2019-08-07,0.12822822427098637
2019-08-08,0.1579362641025667
2019-08-09,0.1587976880825779
2019-08-13,0.16554648274101993
2019-08-14,0.1445707922377554
2019-08-16,0.14538683808033
2019-08-19,0.14581202419019115
2019-08-20,0.14299711593669734
2019-08-21,0.14000621219749268
2019-08-22,0.1427193767529973
2019-08-23,0.14888638622821074
2019-08-26,0.14840734821792687
2019-08-27,0.15155863075156273
2019-08-28,0.1462864478846854
2019-08-29,0.1485796881646711
2019-08-30,0.14894076961307484
2019-09-03,0.15816629070921642
2019-09-04,0.15312364040423354
2019-09-05,0.1516246122463869
2019-09-06,0.1467992999449947
2019-09-09,0.14510202354470597
2019-09-11,0.14323905208604956
2019-09-12,0.12208227815938855
2019-09-13,0.12432998976431092
2019-09-16,0.11735870340516025
2019-09-17,0.11551955350917537
2019-09-18,0.11380293295035553
2019-09-19,0.12171279566741931
2019-09-20,0.15087517660518157
2019-09-23,0.16315059091338466
2019-09-24,0.18337724226147176
2019-09-25,0.1785428722918715
2019-09-26,0.17714133063993623
2019-09-27,0.17477236139351165
2019-09-30,0.18409578269147883
2019-10-01,0.1887893533733607
2019-10-03,0.18813761731140857
2019-10-04,0.1810765087309145
2019-10-07,0.18161988150441882
2019-10-09,0.18209144019641563
2019-10-10,0.18048982631421603
2019-10-11,0.18127263751838354
2019-10-14,0.18277025116439075
2019-10-15,0.17984641216063252
2019-10-16,0.177823223929864
2019-10-17,0.17789278384160537
2019-10-18,0.17625557305883777
2019-10-22,0.26964699534345776
2019-10-23,0.26591576447101967
2019-10-24,0.2505317139413459
2019-10-25,0.24262217692630697
2019-10-27,0.2265337039494687
2019-10-29,0.23358630808307812
2019-10-30,0.23793521039930468
2019-10-31,0.2391577053789994
2019-11-01,0.23241298760695836
2019-11-04,0.22962541116365068
2019-11-05,0.23064549194433984
2019-11-06,0.2311597324947246
2019-11-07,0.2322068857242777
2019-11-08,0.2383355822096591
2019-11-11,0.23954851987324013
2019-11-13,0.2403996610803963
2019-11-14,0.24032460217982043
2019-11-15,0.2401052494091288
2019-11-18,0.241075915307347
2019-11-19,0.24354829513008464
2019-11-20,0.24398429220818685
2019-11-21,0.12567986690505317
2019-11-22,0.1388502906740006
2019-11-25,0.13967232258968376
2019-11-26,0.14337664003082537
2019-11-27,0.143010362458813
2019-11-28,0.13511864008260885
2019-11-29,0.1348967301728442
2019-12-02,0.1328141030184505
2019-12-03,0.1312767294205305
2019-12-04,0.12809739346657803
2019-12-05,0.12551847698072258
2019-12-06,0.12459412513205691
2019-12-09,0.12062287022535825
2019-12-10,0.11191430597535516
2019-12-11,0.1088289495098766
2019-12-12,0.1081078600319096
2019-12-13,0.11242605165159535
2019-12-16,0.1123969456924349
2019-12-17,0.1146635260015496
2019-12-18,0.10924227431148248
2019-12-19,0.11164869164719644
2019-12-20,0.11204535658031167
2019-12-23,0.09954239296640414
2019-12-24,0.10528554214862813
2019-12-26,0.11250785705739677
2019-12-27,0.11567319740476638
2019-12-30,0.11495069407590204
2019-12-31,0.1157543484315127
2020-01-01,0.11586275658863557
2020-01-02,0.11669113175043205
2020-01-03,0.11837259531403342
2020-01-06,0.12927466056876638
2020-01-07,0.12967014632704385
2020-01-08,0.1302467662991648
2020-01-09,0.13209018362017635
2020-01-10,0.13225589348728112
2020-01-13,0.1343748532521135
2020-01-14,0.12975499283528122
2020-01-15,0.1309451607648832
2020-01-16,0.1266151447497451
2020-01-17,0.126806658887707
2020-01-20,0.1357373222570118
2020-01-21,0.13606764965506582
2020-01-22,0.13745370455292447
2020-01-23,0.13376102738153242
2020-01-24,0.1260250072323223
2020-01-27,0.12752347747900825
2020-01-28,0.128910565619953
2020-01-29,0.12476206437420224
2020-01-30,0.13535389558723288
2020-01-31,0.14270612142786318
2020-02-03,0.14462120304733297
2020-02-04,0.162556662508646
2020-02-05,0.16535616545725876
2020-02-06,0.1660190569648096
2020-02-07,0.16162227612022043
2020-02-10,0.1599502653870728
2020-02-11,0.1531098170916049
2020-02-12,0.15788492923133687
2020-02-13,0.15945207055775612
2020-02-14,0.15866660560184837
2020-02-17,0.15609717094446063
2020-02-18,0.14455357804948307
2020-02-19,0.14803303930199035
2020-02-20,0.15103482017400507
2020-02-24,0.15784689000032082
2020-02-25,0.15801952057436094
2020-02-26,0.16237138868595846
2020-02-27,0.16215985805197644
2020-02-28,0.22230296385887136
2020-03-02,0.21929937715698342
2020-03-03,0.2218351813626638
2020-03-04,0.21935161316656915
2020-03-05,0.20033216750275348
2020-03-06,0.20495048627063592
2020-03-09,0.326914964069713
2020-03-11,0.32832001344043044
2020-03-12,0.4256455988630074
2020-03-13,0.44638957504490073
2020-03-16,0.5047913765133941
2020-03-17,0.5006956177122432
2020-03-18,0.5065367485658264
2020-03-19,0.503280089594179
2020-03-20,0.5919545670547631
2020-03-23,0.6811141206564642
2020-03-24,0.7385446333874511
2020-03-25,0.8092475294166125
2020-03-26,0.8198160683442819
2020-03-27,0.8226163734667814
2020-03-30,0.8295160669489747
2020-03-31,0.8421143848256849
2020-04-01,0.8527440668877476
2020-04-03,0.8489744156472144
2020-04-07,0.9245873018177915
2020-04-08,0.9250342061945038
2020-04-09,0.9297844380739159
2020-04-13,0.8936939785417695
2020-04-15,0.8951032203088339
2020-04-16,0.8438315079725369
2020-04-17,0.8453325144998179
2020-04-20,0.7937999994262984
2020-04-21,0.7925162964325719
2020-04-22,0.7821326283651658
2020-04-23,0.7837836466699547
2020-04-24,0.7532478450707314
2020-04-27,0.6026042794455796
2020-04-28,0.5778406374708401
2020-04-29,0.5250623601662381
2020-04-30,0.5343033797669555
2020-05-04,0.5679156611979492
2020-05-05,0.5404472294681658
2020-05-06,0.5245915140047971
2020-05-07,0.4860452128863065
2020-05-08,0.47627420860833775
2020-05-11,0.3653771800769696
2020-05-12,0.36940583764054463
2020-05-13,0.36588818729567407
2020-05-14,0.3958032355764073
2020-05-15,0.3870097658115515
2020-05-18,0.3873961427507452
2020-05-19,0.37558980059970637
2020-05-20,0.36886523821500083
2020-05-21,0.35608309759453516
2020-05-22,0.3282321541124581
2020-05-26,0.3092848888244421
2020-05-27,0.32587783384380686
2020-05-28,0.3281520867066089
2020-05-29,0.32968262682185734
2020-06-01,0.3378896647204298
2020-06-02,0.309009808306443
2020-06-03,0.25501120537174815
2020-06-04,0.25677334218382225
2020-06-05,0.2567301819278873
2020-06-08,0.25665819192735223
2020-06-09,0.2577170871340632
2020-06-10,0.25835021965849303
2020-06-11,0.25754600272311945
2020-06-12,0.25399307767615
2020-06-15,0.20006424489693403
2020-06-16,0.2032655961712727
2020-06-17,0.2024333459341834
2020-06-18,0.20395084000222394
2020-06-19,0.20872148117126402
2020-06-22,0.21261754691732995
2020-06-23,0.21261196952954223
2020-06-24,0.20521036807027443
2020-06-25,0.19126856098829925
2020-06-26,0.22439105185614283
2020-06-29,0.22632158407498926
2020-06-30,0.21095658553923383
2020-07-01,0.21057198456336038
2020-07-02,0.22093335601007474
2020-07-03,0.21988856182487074
2020-07-06,0.22741764607763643
2020-07-07,0.22759266638368014
2020-07-08,0.23109214244913445
2020-07-09,0.2305627648094977
2020-07-10,0.21144498008126822
2020-07-13,0.21252454561651704
2020-07-14,0.2245796480025174
2020-07-15,0.2228495469147283
2020-07-16,0.23768966831199623
2020-07-17,0.23493711455036287
2020-07-20,0.23369171757879373
2020-07-21,0.22953024372799302
2020-07-22,0.23400776466156567
2020-07-23,0.23154516912397835
2020-07-24,0.22297457307350566
2020-07-27,0.19497381420667403
2020-07-28,0.18715520688253212
2020-07-29,0.21050585201764366
2020-07-30,0.21136682276555524
2020-07-31,0.2109697434856481
2020-08-03,0.22924098219891473
2020-08-04,0.23429340161921036
2020-08-05,0.23787501524466817
2020-08-06,0.22818291497030224
2020-08-07,0.2313028977524653
2020-08-10,0.2333060810209756
2020-08-11,0.23152983116953763
2020-08-12,0.2206134375651355
2020-08-13,0.2216790700578069
2020-08-14,0.20114325333857064
2020-08-17,0.19874759936908334
2020-08-18,0.19442634071860862
2020-08-19,0.19088773832145497
2020-08-20,0.1925414826046941
2020-08-21,0.19228375281865293
2020-08-24,0.184223262658142
2020-08-25,0.18250870966430974
2020-08-26,0.1786724976297558
2020-08-27,0.16305405367792014
2020-08-28,0.16329537660404175
2020-08-31,0.1625226851014364
2020-09-01,0.14666410093525267
2020-09-02,0.12100055533475396
2020-09-03,0.11877340847320088
2020-09-04,0.11530855610377552
2020-09-07,0.11567365477576275
2020-09-08,0.12101173699545623
2020-09-09,0.12054827084566182
2020-09-10,0.15240307471547354
2020-09-11,0.15171111445738608
2020-09-14,0.1549526649975848
2020-09-15,0.15428748165052647
2020-09-16,0.1532966874616892
2020-09-17,0.15572451658884237
2020-09-18,0.15398014338309285
2020-09-21,0.15591281503051305
2020-09-22,0.15803328928435742
2020-09-23,0.1556539676014029
2020-09-24,0.19704157035879832
2020-09-25,0.210775389674102
2020-09-28,0.20990677392735302
2020-09-29,0.2089639045704041
2020-09-30,0.20791615279707953
2020-10-01,0.20583319395869917
2020-10-05,0.21530391882529878
2020-10-06,0.20559927255007857
2020-10-07,0.20829530824805473
2020-10-08,0.21014970547133577
2020-10-09,0.2096279646494915
2020-10-12,0.19452898610671293
2020-10-13,0.19603542146931915
2020-10-14,0.19532587686148103
2020-10-15,0.22944387725715917
2020-10-16,0.22767091909983223
2020-10-19,0.22689878907155547
2020-10-20,0.22473366583670143
2020-10-21,0.22403740969528627
2020-10-22,0.22687146841079361
2020-10-23,0.226802782523534
2020-10-26,0.2003972862179169
2020-10-27,0.18884504967262541
2020-10-28,0.19449882786667852
2020-10-29,0.19204029787192625
2020-10-30,0.1920930847486123
2020-11-02,0.2139672813644732
2020-11-03,0.19841995146453537
2020-11-04,0.21539789458909644
2020-11-05,0.2150595502398443
2020-11-06,0.2222483064281281
2020-11-09,0.2277682963703161
2020-11-10,0.22730217530797486
2020-11-11,0.22253660591082577
2020-11-12,0.22335256129862044
2020-11-13,0.19789759777021879
2020-11-14,0.19778293732201538
2020-11-17,0.19752062822834918
2020-11-18,0.19822489418075295
2020-11-19,0.2003520182378369
2020-11-20,0.19857383767071637
2020-11-23,0.21476831830365187
2020-11-24,0.20335781390418034
2020-11-25,0.20946737906241325
2020-11-26,0.2046910813448221
2020-11-27,0.20795667713527186
2020-12-01,0.21574988131721629
2020-12-02,0.18747255057533949
2020-12-03,0.19143983418148286
2020-12-04,0.17624083301510615
2020-12-07,0.17074998738965264
2020-12-08,0.1606990603011851
2020-12-09,0.16125716390566402
2020-12-10,0.16322268058515402
2020-12-11,0.16277786915821016
2020-12-14,0.1604158252031463
2020-12-15,0.16217471259638533
2020-12-16,0.16379195231687887
2020-12-17,0.16422988694375065
2020-12-18,0.16257492330581494
2020-12-21,0.17433909252282365
2020-12-22,0.17752890784192116
2020-12-23,0.16538046116071645
2020-12-24,0.16532445737272758
2020-12-28,0.15385080239222296
2020-12-29,0.15382108275612144
2020-12-30,0.14833037724428993
2020-12-31,0.13938317393052083
2021-01-01,0.1393648620866231
2021-01-04,0.13781790377388883
2021-01-05,0.13782907504533443
2021-01-06,0.15228194304362108
2021-01-07,0.15060222459515404
2021-01-08,0.16121026066982275
2021-01-11,0.16079763567862557
2021-01-12,0.16307654121347803
2021-01-13,0.1627211091280803
2021-01-14,0.15887831355541274
2021-01-15,0.1667676601318324
2021-01-18,0.16684497814924348
2021-01-19,0.16839909789186347
2021-01-20,0.1499982942326506
2021-01-21,0.14597946021651606
2021-01-22,0.15083317101223723
2021-01-25,0.17246943654059194
2021-01-27,0.19008597697372767
2021-01-28,0.20004395293350932
2021-01-29,0.21006542239006298
2021-02-01,0.23037051841387055
2021-02-02,0.2402237644858758
2021-02-03,0.23668797818905107
2021-02-04,0.23696055815319317
2021-02-05,0.23020264648379823
2021-02-08,0.23417228739842355
2021-02-09,0.221317769426222
2021-02-10,0.21629122376061952
2021-02-11,0.21561182394969855
2021-02-12,0.21553769243633322
2021-02-15,0.2149370797927282
2021-02-16,0.21083022034833943
2021-02-17,0.21152682189555153
2021-02-18,0.2084891166228412
2021-02-19,0.20263448428852826
2021-02-22,0.21792998763602198
2021-02-23,0.21664237143810042
2021-02-24,0.21058584061727528
2021-02-25,0.20243640110771932
2021-02-26,0.2182410986911554
2021-03-01,0.2074601335937327
2021-03-02,0.19544083384254773
2021-03-03,0.20892249155001494
2021-03-04,0.21419706821716444
2021-03-05,0.21616920858936495
2021-03-08,0.2161125109952409
2021-03-09,0.2112526038667841
2021-03-10,0.21133161036414116
2021-03-12,0.21337273519498076
2021-03-15,0.21201829154273152
2021-03-16,0.21201873801071874
2021-03-17,0.21430738545949637
2021-03-18,0.23116154808037442
2021-03-19,0.23743444622570403
2021-03-22,0.2374138575301117
2021-03-23,0.23888957490974816
2021-03-24,0.22735999977354807
2021-03-25,0.2383188053158807
2021-03-26,0.23367293209033874
2021-03-30,0.24846112064385784
2021-03-31,0.23170861332779213
2021-04-01,0.22997068556289757
2021-04-05,0.22349008634536713
2021-04-06,0.1960411317395006
2021-04-07,0.19518668535947886
2021-04-08,0.19369300067052742
2021-04-09,0.19351718675304225
2021-04-12,0.21010768423807208
2021-04-13,0.20961025627535043
2021-04-15,0.20992623992774545
2021-04-16,0.20955098311097062
2021-04-19,0.20983073239865402
2021-04-20,0.20912298084845776
2021-04-22,0.19298057801604915
2021-04-23,0.18416724487055128
2021-04-26,0.18529615501662774
2021-04-27,0.19186217329347777
2021-04-28,0.18782521489420723
2021-04-29,0.1752432318306964
2021-04-30,0.18459216484184804
2021-05-03,0.1513042607080473
2021-05-04,0.15297438165933155
2021-05-05,0.15441398211564214
2021-05-06,0.15758531303264056
2021-05-07,0.15777333306065897
2021-05-10,0.15334111725871458
2021-05-11,0.15203831153307884
2021-05-12,0.15264928122400687
2021-05-14,0.12628071853296532
2021-05-17,0.13527206937407832
2021-05-18,0.1417964904611665
2021-05-19,0.14059366029069215
2021-05-20,0.13967233910494242
2021-05-21,0.1460200602465802
2021-05-24,0.14666605230206206
2021-05-25,0.1447362350780671
2021-05-26,0.14821687711544182
2021-05-27,0.13947295183315983
2021-05-28,0.15466942626337873
2021-05-31,0.1601392908134866
2021-06-01,0.145735477955723
2021-06-02,0.142046942719085
2021-06-03,0.12582971556773348
2021-06-04,0.1295985418446055
2021-06-07,0.13020597961629207
2021-06-08,0.12985406925211604
2021-06-09,0.13226855079637392
2021-06-10,0.12944913542358472
2021-06-11,0.1283324627831309
2021-06-14,0.1262890126001894
2021-06-15,0.12229107537006001
2021-06-16,0.12321746295729895
2021-06-17,0.12155094091647552
2021-06-18,0.11628686615320816
2021-06-21,0.11141653060717989
2021-06-22,0.1086775046293571
2021-06-23,0.11421965678801234
2021-06-24,0.11410888827118026
2021-06-25,0.11716799859217554
2021-06-28,0.10438700606597909
2021-06-29,0.09665412334698979
2021-06-30,0.0979971970488428
2021-07-01,0.10361068571652776
2021-07-02,0.10305525822608184
2021-07-05,0.1009877089483782
2021-07-06,0.10258577189815445
2021-07-07,0.1027824808185446
2021-07-08,0.10323739201020787
2021-07-09,0.10720700912002021
2021-07-12,0.0951003565166307
2021-07-13,0.091693351371808
2021-07-14,0.09289048306261322
2021-07-15,0.09195033066283954
2021-07-16,0.09068029572634555
2021-07-19,0.09677301965339269
2021-07-20,0.09659414453932198
2021-07-22,0.10909160621305262
2021-07-23,0.10693242921007952
2021-07-26,0.09827235242347214
2021-07-27,0.09849629278187924
2021-07-28,0.09701832931995744
2021-07-29,0.09903876971930531
2021-07-30,0.09598952505083194
2021-08-02,0.10448431630217157
2021-08-03,0.11144893297233115
2021-08-04,0.10965609878315492
2021-08-05,0.11033764162363
2021-08-06,0.11261560005435602
2021-08-09,0.10982055892858765
2021-08-10,0.10607929448882651
2021-08-11,0.10484619733076023
2021-08-12,0.10475740641320096
2021-08-13,0.11884310678287717
2021-08-16,0.11893209896847404
2021-08-17,0.11975263797397773
2021-08-18,0.109301322136491
2021-08-20,0.11130894851975774
2021-08-23,0.10625703158907977
2021-08-24,0.10380210019437092
2021-08-25,0.10148211451516251
2021-08-26,0.09716108936376258
2021-08-27,0.09556268782512758
2021-08-30,0.09563771213402292
2021-08-31,0.08927074103658857
2021-09-01,0.09430469536952371
2021-09-02,0.09542813102710239
2021-09-03,0.10295319644399822
2021-09-06,0.1041250065364569
2021-09-07,0.10157858623900366
2021-09-08,0.10694388801168772
2021-09-09,0.10842896459074283
2021-09-13,0.11431702459109847
2021-09-14,0.11502610475758725
2021-09-15,0.10377660982077912
2021-09-16,0.10384809973851997
2021-09-17,0.10971469080047602
2021-09-20,0.11066683491507605
2021-09-21,0.11055699195516117
2021-09-22,0.1086923081287547
2021-09-23,0.12009720289748727
2021-09-24,0.119348654979233
2021-09-27,0.12029984559985775
2021-09-28,0.1236942461943206
2021-09-29,0.1246297821322918
2021-09-30,0.12647627264253372
2021-10-01,0.12406610750455052
2021-10-04,0.12044449774661342
2021-10-05,0.11836630008160809
2021-10-06,0.11949447290274653
2021-10-07,0.12152227466654977
2021-10-08,0.1363896324314854
2021-10-11,0.15233809665492262
2021-10-12,0.14990617842912923
2021-10-13,0.15177513954862043
2021-10-14,0.14992649350084347
2021-10-18,0.15656827163675224
2021-10-19,0.15265570285912367
2021-10-20,0.1585391130241388
2021-10-21,0.1801233078166212
2021-10-22,0.18251039283537007
2021-10-25,0.1756248324932759
2021-10-26,0.17718715742210317
2021-10-27,0.17709943280385293
2021-10-28,0.1850902730658967
2021-10-29,0.19439487554748203
2021-11-01,0.1993389980713643
2021-11-02,0.1994181038813279
2021-11-03,0.19661590209470667
2021-11-04,0.1910519589744326
2021-11-08,0.1901502714939084
2021-11-09,0.18752106907231408
2021-11-10,0.1711138700658277
2021-11-11,0.16129333533040566
2021-11-12,0.17184219551362637
2021-11-15,0.16862652633017514
2021-11-16,0.16946520315867217
2021-11-17,0.16246663216885876
2021-11-18,0.15670612869961087
2021-11-22,0.1693845303479545
2021-11-23,0.1547439571062649
2021-11-24,0.15877756609936888
2021-11-25,0.18616709170094423
2021-11-26,0.19408707794405478
2021-11-29,0.19809002794173947
2021-11-30,0.19086868553289463
2021-12-01,0.18734895453668463
2021-12-02,0.18834838501534243
2021-12-03,0.19414867999908286
2021-12-06,0.20601373485403418
2021-12-07,0.208841718261805
2021-12-08,0.2176070902308077
2021-12-09,0.21793701845661478
2021-12-10,0.21795084638622028
2021-12-13,0.22185709876557708
2021-12-14,0.21321306879531357
2021-12-15,0.21382522469610227
2021-12-16,0.21793354708256688
2021-12-17,0.21460352526127108
2021-12-20,0.22453744423539132
2021-12-21,0.2152494602740716
2021-12-22,0.21907396810778781
2021-12-23,0.21380512089859882
2021-12-24,0.19449983001224738
2021-12-27,0.17852965922980163
2021-12-28,0.17872763858989169
2021-12-29,0.17865684462215825
2021-12-30,0.1744469253586475
2021-12-31,0.168249911903968
2022-01-03,0.16655462541016947
2022-01-04,0.14906238458581617
2022-01-05,0.1494714468855199
2022-01-06,0.15354234832830416
2022-01-07,0.15411077442804147
2022-01-10,0.1564398715944959
2022-01-11,0.14900968538886594
2022-01-12,0.14969879416478823
2022-01-13,0.1452034799071873
2022-01-14,0.14450642807307992
2022-01-17,0.14264182813770848
2022-01-18,0.12258165711599472
2022-01-19,0.13350303819947631
2022-01-20,0.1489531508875686
2022-01-21,0.1492185383487025
2022-01-24,0.18290613442250714
2022-01-25,0.18277449831441328
2022-01-27,0.1909511382696424
2022-01-28,0.19146544708207985
2022-01-31,0.20806816955072668
2022-02-01,0.21103117710834726
2022-02-02,0.206824097548468
2022-02-03,0.2080428063035381
2022-02-04,0.20775507948725208
2022-02-07,0.2053864763414901
2022-02-08,0.20475841608086337
2022-02-09,0.20742169512013428
2022-02-10,0.20916616036439709
2022-02-11,0.20907114369693428
2022-02-14,0.2119980479348778
2022-02-15,0.23852273463823515
2022-02-16,0.23746287883025516
2022-02-17,0.23713785338347088
2022-02-18,0.23415374057478108
2022-02-21,0.2264411051158227
2022-02-22,0.22744836458381582
2022-02-23,0.20356850523400008
2022-02-24,0.2593796815931438
2022-02-25,0.25939671141492976
2022-02-28,0.2640611310823504
2022-03-02,0.2523111489127112
2022-03-03,0.24926063250977948
2022-03-04,0.24697311652828405
2022-03-07,0.24717242593080593
2022-03-08,0.25268121480177097
2022-03-09,0.2720721683412017
2022-03-10,0.2737439236469753
2022-03-11,0.27042038224973586
2022-03-14,0.2794162794982644
2022-03-15,0.28540217630291903
2022-03-16,0.2871596711026454
2022-03-17,0.2692680366845688
2022-03-21,0.26959024127914377
2022-03-22,0.27694796702116425
2022-03-23,0.27630712554396814
2022-03-24,0.27632242136219903
2022-03-25,0.27418924509928916
2022-03-28,0.2735445719027031
2022-03-29,0.2060078077131921
2022-03-30,0.20344204413271533
2022-03-31,0.20349478316612357
2022-04-01,0.20208730392848856
2022-04-04,0.20326631692352962
2022-04-05,0.20542060195863993
2022-04-06,0.20312663989191015
2022-04-07,0.21394365656859193
2022-04-08,0.1906235583457762
2022-04-11,0.1941838816188084
2022-04-12,0.19940566013838779
2022-04-13,0.18524200351432699
2022-04-18,0.2190268656976044
2022-04-19,0.20612370685930045
2022-04-20,0.21809212914415896
2022-04-21,0.23065461029662962
2022-04-22,0.22231092204457992
2022-04-25,0.22681862168748546
2022-04-26,0.23325970853792824
2022-04-27,0.23339502826648093
2022-04-28,0.2382129544436419
2022-04-29,0.23778327544330863
2022-05-02,0.23055738102320783
2022-05-04,0.2381284398571167
2022-05-05,0.23707641536946303
2022-05-06,0.23436629663180153
2022-05-09,0.23362969513695941
2022-05-10,0.2312996018704335
2022-05-11,0.2285068134128575
2022-05-12,0.22707943370821404
2022-05-13,0.22793225074492948
2022-05-16,0.22686999788461676
2022-05-17,0.25018201126563966
2022-05-18,0.2132796154332374
2022-05-19,0.24929421981438557
2022-05-20,0.2643897628971631
2022-05-23,0.25148423718237073
2022-05-24,0.24947316813880202
2022-05-25,0.24770298944274835
2022-05-26,0.242149925013437
2022-05-27,0.24751361527172264
2022-05-30,0.2726814211208186
2022-05-31,0.27282784231761836
2022-06-01,0.27287318132109745
2022-06-02,0.2742861850200824
2022-06-03,0.27606107847632494
2022-06-06,0.2663068142102506
2022-06-07,0.2674619236162788
2022-06-08,0.26650995773653446
2022-06-09,0.26728495873436403
2022-06-10,0.278365315371731
2022-06-13,0.29802169525876726
2022-06-14,0.2979449039186382
2022-06-15,0.28542709767947416
2022-06-16,0.2909412356706818
2022-06-17,0.25718060746708965
2022-06-20,0.2314043045489967
2022-06-21,0.24374950001977955
2022-06-22,0.24766487323800387
2022-06-23,0.24457968216067272
2022-06-24,0.2435067000892279
2022-06-27,0.24165162934087794
2022-06-28,0.2102448455109768
2022-06-29,0.20933995445944775
2022-06-30,0.20895177239247067
2022-07-01,0.2023420817064683
2022-07-04,0.19686748169053328
2022-07-05,0.19673745760458244
2022-07-06,0.19732582428548198
2022-07-07,0.1978858496307576
2022-07-08,0.1888222185620431
2022-07-11,0.17373428691097706
2022-07-12,0.14924011687049213
2022-07-13,0.15307935694505326
2022-07-14,0.1509114390472548
2022-07-15,0.13994264255411845
2022-07-18,0.15486540720686662
2022-07-19,0.1539919874728207
2022-07-20,0.1577931117783137
2022-07-21,0.14962241659936196
2022-07-22,0.14946723066890907
2022-07-25,0.155377037680301
2022-07-26,0.16042531123641635
2022-07-27,0.1631633988509115
2022-07-28,0.17933451994216285
2022-07-29,0.19001604599344427
2022-08-01,0.17845543762470636
2022-08-02,0.17867191112169145
2022-08-03,0.18040133534389582
2022-08-04,0.18024064744038096
2022-08-05,0.18090491149176166
2022-08-08,0.18240449584332558
2022-08-10,0.17554677632207927
2022-08-11,0.16861616487389136
2022-08-12,0.15999806534181865
2022-08-16,0.157266858489607
2022-08-17,0.15684421688784608
2022-08-18,0.1530153510839773
2022-08-19,0.15611403147544906
2022-08-22,0.1460576676911387
2022-08-23,0.14878656411935845
2022-08-24,0.1495600401131795
2022-08-25,0.1454757243278731
2022-08-26,0.13307132919685472
2022-08-29,0.1583746303330063
2022-08-30,0.1595690733145063
2022-09-01,0.16704263941225178
2022-09-02,0.16272952027110943
2022-09-05,0.166175762988413
2022-09-06,0.1611616935777988
2022-09-07,0.1604080385177116
2022-09-08,0.16327429710002025
2022-09-09,0.1625734421315673
2022-09-12,0.16703451243201872
2022-09-13,0.1641176216922407
2022-09-14,0.18202298141124063
2022-09-15,0.18567197097570243
2022-09-16,0.20543036151545288
2022-09-19,0.20844352130960342
2022-09-20,0.20947751686164345
2022-09-21,0.20848010917088408
2022-09-22,0.20904151562200177
2022-09-23,0.21146742782378325
2022-09-26,0.21122503322176533
2022-09-27,0.21370925726232567
2022-09-28,0.20317312600426085
2022-09-29,0.1826734721249152
2022-09-30,0.18246896015369105
2022-10-03,0.18318410969462037
2022-10-04,0.20351699070260465
2022-10-06,0.20501166679317503
2022-10-07,0.20501606028537028
2022-10-10,0.20266751911440256
2022-10-11,0.20838227630915923
2022-10-12,0.20595661826113762
2022-10-13,0.20319260055280167
2022-10-14,0.1997794937833611
2022-10-17,0.19897895177703634
2022-10-18,0.1718066212711339
2022-10-19,0.1710706045444345
2022-10-20,0.1716616628602083
2022-10-21,0.1726445391731917
2022-10-24,0.1709482598818735
2022-10-25,0.16431655948427032
2022-10-27,0.161095117822469
2022-10-28,0.162186954627692
2022-10-31,0.15856661568437505
2022-11-01,0.15746355075859225
2022-11-02,0.15417915144254904
2022-11-03,0.15263693494925856
2022-11-04,0.1322704388335181
2022-11-07,0.1317774177017982
2022-11-09,0.13112674000960228
2022-11-10,0.13366874217591604
2022-11-11,0.15586118990245845
2022-11-14,0.15599008934182573
2022-11-15,0.15452915552868993
2022-11-16,0.15052919870521125
2022-11-17,0.15140622750427155
2022-11-18,0.14979231513693508
2022-11-21,0.16445859380671313
2022-11-22,0.16488955732560226
2022-11-23,0.16242109683255762
2022-11-24,0.1704796040468062
2022-11-25,0.168258141281483
2022-11-28,0.1688583987460561
2022-11-29,0.1680272277358027
2022-11-30,0.1637717148947394
2022-12-01,0.16317721774936192
2022-12-02,0.16567951855117857
2022-12-05,0.1649253407950895
2022-12-06,0.1681270995555881
2022-12-07,0.17130757428465446
2022-12-08,0.17103414571152825
2022-12-09,0.18281250092407442
2022-12-12,0.13147486550954585
2022-12-13,0.13552822660652938
2022-12-14,0.13599327074345124
2022-12-15,0.1510719599619207
2022-12-16,0.15299156720977097
2022-12-19,0.15293639592584238
2022-12-20,0.14351834706781683
2022-12-21,0.14201984930949302
2022-12-22,0.14206781543903546
2022-12-23,0.1373888745036282
2022-12-26,0.13951840614277955
2022-12-27,0.1379280076309829
2022-12-28,0.1372653281178907
2022-12-29,0.13662656173636964
2022-12-30,0.1303329363837141
2023-01-02,0.1344773170899371
2023-01-03,0.1346089276686183
2023-01-04,0.13979190192763347
2023-01-05,0.139464429709829
2023-01-06,0.14014970009413058
2023-01-09,0.1546827214931935
2023-01-10,0.16006199998238738
2023-01-11,0.1551249134679104
2023-01-12,0.1541510706057035
2023-01-13,0.1443533995039352
2023-01-16,0.14212280594180657
2023-01-17,0.14912051092127654
2023-01-18,0.14902257479116507
2023-01-19,0.14827286220008618
2023-01-20,0.14971760504269005
2023-01-23,0.13530365354246593
2023-01-24,0.13261211256610908
2023-01-25,0.13739990020749457
2023-01-27,0.1476585340345916
2023-01-30,0.1505641032668178
2023-01-31,0.15189394967298175
2023-02-01,0.1512100713198422
2023-02-02,0.15253695567217473
2023-02-03,0.14861519065409
2023-02-06,0.15181404543890847
2023-02-07,0.148374156295702
2023-02-08,0.13686698207396314
2023-02-09,0.12940285466406468
2023-02-10,0.13073763338523867
2023-02-13,0.13847271125149005
2023-02-14,0.14658509765004452
2023-02-15,0.1492731529381438
2023-02-16,0.14388319936769395
2023-02-17,0.1453268585901894
2023-02-20,0.14595616604817907
2023-02-21,0.14427874293815007
2023-02-22,0.1548779106003796
2023-02-23,0.1551623023445594
2023-02-24,0.15041249161557443
2023-02-27,0.14864936806809237
2023-02-28,0.15028961761563547
2023-03-01,0.15251198431716023
2023-03-02,0.1559128635309749
2023-03-03,0.1637993440833874
2023-03-06,0.1658542914536142
2023-03-08,0.16209731627524115
2023-03-09,0.1688165973184623
2023-03-10,0.1623219681886846
2023-03-13,0.1682850945295482
2023-03-14,0.16933433546505525
2023-03-15,0.16714116302949306
2023-03-16,0.15216500145864778
2023-03-17,0.1480810759562804
2023-03-20,0.14735371117860704
2023-03-21,0.1534004096567317
2023-03-22,0.15496216011361708
2023-03-23,0.15549818006169144
2023-03-24,0.14884122660133658
2023-03-27,0.1546793111044941
2023-03-28,0.15455257316124474
2023-03-29,0.1503384204301966
2023-03-31,0.18606633658726496
2023-04-03,0.18304838242548468
2023-04-05,0.1813002631999933
2023-04-06,0.1734679315216227
2023-04-10,0.16696129877166183
2023-04-11,0.16746309590974695
2023-04-12,0.16619237865784484
2023-04-13,0.16483981277048013
2023-04-17,0.19534040681268178
2023-04-18,0.1939179761333718
2023-04-19,0.1929885825513854
2023-04-20,0.19246654932728954
2023-04-21,0.1924138526576849
2023-04-24,0.18969222194506632
2023-04-25,0.1877525695923167
2023-04-26,0.18760777545651122
2023-04-27,0.18674215090847876
2023-04-28,0.18854640749807208
2023-05-02,0.18913857456300298
2023-05-03,0.1909967200509563
2023-05-04,0.19401194969084062
2023-05-05,0.16757616495346792
2023-05-08,0.17051412601262797
2023-05-09,0.1684217421352341
2023-05-10,0.16830542923463868
2023-05-11,0.16870356297901457
2023-05-12,0.16789009502009022
2023-05-15,0.16417232777346308
2023-05-16,0.1614228090937649
2023-05-17,0.10832016432698585
2023-05-18,0.10670170287362754
2023-05-19,0.10598049683439383
2023-05-22,0.11078260463042046
2023-05-23,0.110311409886811
2023-05-24,0.11208337746882842
2023-05-25,0.11206801859928492
2023-05-26,0.1212873326357478
2023-05-29,0.11989015762524781
2023-05-30,0.11606369378055477
2023-05-31,0.12196766361940448
2023-06-01,0.11900034551843662
2023-06-02,0.1143708751887235
2023-06-05,0.10331965522443715
2023-06-06,0.10583165320152753
2023-06-07,0.10864387598034754
2023-06-08,0.10936524060835093
2023-06-09,0.11207601665262394
2023-06-12,0.11526262106286293
2023-06-13,0.11797890171928135
2023-06-14,0.11695382291254941
2023-06-15,0.11267087788475023
2023-06-16,0.11284150416908377
2023-06-19,0.1101783440596345
2023-06-20,0.10429820839763755
2023-06-21,0.10502550455433277
2023-06-22,0.10892300139000209
2023-06-23,0.11322583064649767
2023-06-26,0.10020435233117607
2023-06-27,0.10147018273842537
2023-06-28,0.10843937959375209
2023-06-30,0.12043492228845509
2023-07-03,0.12272564969429112
2023-07-04,0.1216659590648685
2023-07-05,0.12353876916140835
2023-07-06,0.11753329834371336
2023-07-07,0.1181966013680612
2023-07-10,0.11940330433775116
2023-07-11,0.11440436586211182
2023-07-12,0.1166480930480315
2023-07-13,0.11753551155304567
2023-07-14,0.13755977694001872
2023-07-17,0.13418595013274806
2023-07-18,0.1390213246667743
2023-07-19,0.13803086265938722
2023-07-20,0.14264477606714665
2023-07-21,0.22088190129184407
2023-07-24,0.21868498577613413
2023-07-25,0.21539919313717543
2023-07-26,0.21488601203225238
2023-07-27,0.21596733221157252
2023-07-28,0.2153931809553462
2023-07-31,0.2077254767268957
2023-08-01,0.2063500925415637
2023-08-02,0.20895162893998623
2023-08-03,0.20855776492935474
2023-08-04,0.2115304527462065
2023-08-07,0.21138342292752269
2023-08-08,0.21022692834767298
2023-08-09,0.20898145483785613
2023-08-10,0.20804251845330488
2023-08-11,0.20623308504042026
2023-08-14,0.19148133524026345
2023-08-16,0.19009784236867674
2023-08-17,0.1837462289773355
2023-08-18,0.18419151697592898
2023-08-21,0.18414566246824288
2023-08-22,0.09933609990107133
2023-08-23,0.09817579647635646
2023-08-24,0.09924146441860084
2023-08-25,0.09678741254209286
2023-08-28,0.09672306362238008
2023-08-29,0.09558464254103077
2023-08-30,0.08822836064241418
2023-08-31,0.08913773606720339
2023-09-01,0.08587030405312772
2023-09-04,0.08878928068880391
2023-09-05,0.07911948143721752
2023-09-06,0.07520960027796533
2023-09-07,0.07416250122629232
2023-09-08,0.07449986289800757
2023-09-11,0.07869448185809949
2023-09-12,0.07888850986812745
2023-09-13,0.07430506725687172
2023-09-14,0.07246037383564823
2023-09-15,0.06586323560287377
2023-09-18,0.07115707432022178
2023-09-20,0.08909138771006703
2023-09-21,0.08907572642826611
2023-09-22,0.08996687368817605
2023-09-25,0.09354761616930021
2023-09-26,0.09240376869873478
2023-09-27,0.09286687513201342
2023-09-28,0.10550153920159554
2023-09-29,0.10476199195347823
2023-10-03,0.10646709118504408
2023-10-04,0.10701916790062638
2023-10-05,0.10700526182902835
2023-10-06,0.1075432003176193
2023-10-09,0.10792538816340612
2023-10-10,0.11051832511133117
2023-10-11,0.11185274559918279
2023-10-12,0.11038177985117716
2023-10-13,0.10940031793832936
2023-10-16,0.10892980277498235
2023-10-17,0.1100824010790764
2023-10-18,0.10883345696138673
2023-10-19,0.10626179112424286
2023-10-20,0.09712828277440272
2023-10-23,0.10866772094079763
2023-10-25,0.11007714193516217
2023-10-26,0.1151579487782343
2023-10-27,0.12647615444625993
2023-10-30,0.13085081620068015
2023-10-31,0.12462643380965854
2023-11-01,0.12470678493737683
2023-11-02,0.12855571764299506
2023-11-03,0.12825025841901985
2023-11-06,0.12948209111483247
2023-11-07,0.12762770901240278
2023-11-08,0.12712471575951484
2023-11-09,0.1276686570490927
2023-11-10,0.12461725672809511
2023-11-13,0.12318656840787834
2023-11-15,0.14287032312616688
2023-11-16,0.1506159605367323
2023-11-17,0.15034359691766352
2023-11-20,0.14738092337864467
2023-11-21,0.1466535737826601
2023-11-22,0.14767782215846006
2023-11-23,0.13466549518530718
2023-11-24,0.13223936573025413
2023-11-28,0.11942994188527326
2023-11-29,0.11727889331911409
2023-11-30,0.11799792939284935
2023-12-01,0.11330689982182429
2023-12-04,0.11498356856595382
2023-12-05,0.11299765369456566
2023-12-06,0.11709247301302449
2023-12-07,0.11634664266787968
2023-12-08,0.115621351232063
2023-12-11,0.11536243965553762
2023-12-12,0.11243769108012382
2023-12-13,0.11929641328780995
2023-12-14,0.13441140356379452
2023-12-15,0.15302571515130314
2023-12-18,0.1498244333051755
2023-12-19,0.14832978577661837
2023-12-20,0.15563211442260522
2023-12-21,0.1561725852821494
2023-12-22,0.1562125649596816
2023-12-26,0.1568142619636845
2023-12-27,0.15490924147503865
2023-12-28,0.15499335503023765
2023-12-29,0.1579832795790254
2024-01-01,0.1545607611255388
2024-01-02,0.15578655411971665
2024-01-03,0.17272234692711796
2024-01-04,0.17359574625023352
2024-01-05,0.17159560668400559
2024-01-08,0.17575205529750082
2024-01-09,0.17434224996706685
2024-01-10,0.17622285334142523
2024-01-11,0.17287902600484054
2024-01-12,0.19890787282057568
2024-01-15,0.19538752127216005
2024-01-16,0.17658018518460375
2024-01-17,0.185281041698502
2024-01-18,0.185747694904239
2024-01-19,0.1812844842485983
2024-01-23,0.1976242125693165
2024-01-24,0.20117155626800245
2024-01-25,0.2011922784905797
2024-01-29,0.21350221130868227
2024-01-30,0.2185732394531964
2024-01-31,0.2184049189226874
2024-02-01,0.21839690156898361
2024-02-02,0.22457520082604143
2024-02-05,0.21138859035070093
2024-02-06,0.21336748568087402
2024-02-07,0.21567849376732326
2024-02-08,0.2112604775561648
2024-02-09,0.21167002484445477
2024-02-12,0.21137788264367993
2024-02-13,0.2115799856101667
2024-02-14,0.1802556919585092
2024-02-15,0.17028810067120373
2024-02-16,0.16622191167511807
2024-02-19,0.15693749649352579
2024-02-20,0.15708286618131706
2024-02-21,0.16171426692514254
2024-02-22,0.14160786620310004
2024-02-23,0.13690697006474845
2024-02-26,0.13944201925718785
2024-02-27,0.1177540364925261
2024-02-28,0.11130817428452426
2024-02-29,0.1075945178389873
2024-03-01,0.1094067846862668
2024-03-04,0.09177463618740817
2024-03-05,0.09643540951950168
2024-03-06,0.08776523700419596
2024-03-07,0.08514874611003027
2024-03-11,0.08863862733426256
2024-03-12,0.0969799939380882
2024-03-13,0.10596130452294189
2024-03-14,0.11024000298330959
2024-03-15,0.11220331408287747
2024-03-18,0.11245817644406361
2024-03-19,0.12760699193056907
2024-03-20,0.12743959534341276
2024-03-21,0.1286773815040606
2024-03-22,0.13040850179376415
2024-03-26,0.12562070947617204
2024-03-27,0.13291254032887317
2024-03-28,0.1334384542497762
2024-04-01,0.13278448878750915
2024-04-02,0.1319123580553099
2024-04-03,0.13179976692085954
2024-04-04,0.13169257825802352
2024-04-05,0.1316089063937113
2024-04-08,0.1300160410567345
2024-04-09,0.1279764124528746
2024-04-10,0.13078455824923968
2024-04-12,0.1316299071975337
2024-04-15,0.12724403354085792
2024-04-16,0.12840110022446832
2024-04-18,0.12077105825468867
2024-04-19,0.12050759045751425
2024-04-22,0.12412371963034965
2024-04-23,0.10646721420224982
2024-04-24,0.10802708183953896
2024-04-25,0.10900418814404753
2024-04-26,0.1029856463441592
2024-04-29,0.10152017762775728
2024-04-30,0.09684185313892849
2024-05-02,0.09588144675587011
2024-05-03,0.09928514832811182
2024-05-06,0.10003253111489571
2024-05-07,0.10009111032861677
2024-05-08,0.09636315795777815
2024-05-09,0.09877560608550867
2024-05-10,0.09575089931721466
2024-05-13,0.09720589989204281
2024-05-14,0.09378853946443556
2024-05-15,0.0914890630604872
2024-05-16,0.102827093666259
2024-05-17,0.0921076382497311
2024-05-21,0.09271714643638158
2024-05-22,0.10056859913881973
2024-05-23,0.11264012492460272
2024-05-24,0.11257517706054242
2024-05-27,0.10984461231596387
2024-05-28,0.10974771416267981
2024-05-29,0.11548336129311235
2024-05-30,0.11855638006393553
2024-05-31,0.11722988320282324
2024-06-03,0.14476378794201672
2024-06-04,0.19508210652482363
2024-06-05,0.21085885228051648
2024-06-06,0.21841084527598698
2024-06-07,0.23525950864348358
2024-06-10,0.23642006500030244
2024-06-11,0.23708639126426356
2024-06-12,0.2372911353920795
2024-06-13,0.23751794998336317
2024-06-14,0.2360037554238359
2024-06-18,0.23211137515773536
2024-06-19,0.23163416905540457
2024-06-20,0.2309302931795771
2024-06-21,0.22894791530422096
2024-06-24,0.22360258722538487
2024-06-25,0.22563816313148016
2024-06-26,0.22913293460033793
2024-06-27,0.2313454848295915
2024-06-28,0.22540260698939985
2024-07-01,0.21875130940944315
2024-07-02,0.21947187943213156
2024-07-03,0.20923863975761442
2024-07-04,0.14249166977890793
2024-07-05,0.1310448675686747
2024-07-08,0.12399367690443269
2024-07-09,0.0970075324010444
2024-07-10,0.0937012704825179
2024-07-11,0.09041627226921181
2024-07-12,0.11936403647252375
2024-07-15,0.12115667253849953
2024-07-16,0.12200969011346038
2024-07-18,0.12611167794045894
2024-07-19,0.12748794220779666
2024-07-22,0.1330004354539915
2024-07-23,0.13293383158273891
2024-07-24,0.13108743057261096
2024-07-25,0.1298002004707444
2024-07-26,0.13242694559624327
2024-07-29,0.12806072474017166
2024-07-30,0.12851042544390967
2024-07-31,0.12773797043127544
2024-08-01,0.1236079509613635
2024-08-02,0.13249728746428993
2024-08-05,0.18039577053707306
2024-08-06,0.18048844289227048
2024-08-07,0.1858281431315404
2024-08-08,0.1901628223244126
2024-08-09,0.19455901937569114
2024-08-12,0.19455881246308895
2024-08-13,0.17132461633591411
2024-08-14,0.1744006608529261
2024-08-16,0.18469842380046997
2024-08-19,0.18053477137227475
2024-08-20,0.18108758248720241
2024-08-21,0.17925214233139064
2024-08-22,0.17927371299155925
2024-08-23,0.18037641654749798
2024-08-26,0.1821612090740441
2024-08-27,0.17391041062611734
2024-08-28,0.17507290209931214
2024-08-29,0.17553156779702705
2024-08-30,0.17509417827427468
2024-09-02,0.17514308961541797
2024-09-03,0.1700600433030683
2024-09-04,0.11189659994584844
2024-09-05,0.11365670307850605
2024-09-06,0.12057031026199828
2024-09-09,0.11075777692863206
2024-09-10,0.10265009194660785
2024-09-11,0.1048138287884585
2024-09-12,0.11553605294792187
2024-09-13,0.1143526531040998
2024-09-16,0.09950071033824705
2024-09-17,0.09675413754408103
2024-09-18,0.1118742483282962
2024-09-19,0.11190759042113735
2024-09-20,0.1156894923786347
2024-09-23,0.11431669456604153
2024-09-24,0.11069727370105253
2024-09-25,0.11079510148231568
2024-09-26,0.10895788004673955
2024-09-27,0.1095348037215149
2024-09-30,0.12980573557567157
2024-10-01,0.12970554417059088
2024-10-03,0.1484225338977989
2024-10-04,0.14839366001315893
2024-10-07,0.14855620498927974
2024-10-08,0.14914481707259772
2024-10-09,0.1505508610181567
2024-10-10,0.14921221242141305
2024-10-11,0.14881725564131132
2024-10-14,0.136709554896392
2024-10-15,0.1385915151737032
2024-10-16,0.13824945353320367
2024-10-17,0.14158374035186697
2024-10-18,0.1370488203587149
2024-10-21,0.1368763654994809
2024-10-22,0.13521220070980766
2024-10-23,0.13854113038643412
2024-10-24,0.1382928896891738
2024-10-25,0.13749064662152072
2024-10-28,0.13750720282072895
2024-10-29,0.1350796906836955
2024-10-30,0.12068836009743342
2024-10-31,0.12849571507209287
2024-11-01,0.11032292478758439
2024-11-04,0.11563155307957294
2024-11-05,0.11714715416087576
2024-11-06,0.14354313876289648
2024-11-07,0.14490604273397867
2024-11-08,0.14444716198098795
2024-11-11,0.1464170116642542
2024-11-12,0.14356084194084334
2024-11-13,0.14580240039323836
2024-11-14,0.1471258180032667
2024-11-18,0.15208753455048582
2024-11-19,0.1481476380627842
2024-11-21,0.14799676661332428
2024-11-22,0.1833559982572001
2024-11-25,0.1852848369065929
2024-11-26,0.18797158635048516
2024-11-27,0.18731423276382908
2024-11-28,0.20466125675492303
2024-11-29,0.20624111050338015
2024-12-02,0.20699627737021303
2024-12-03,0.1988479377486631
2024-12-04,0.19885923895091556
2024-12-05,0.1977614702365069
2024-12-06,0.20059481374200405
2024-12-09,0.18434654892479294
2024-12-10,0.18032652172151228
2024-12-11,0.1800943223760618
2024-12-12,0.18000087984652702
2024-12-13,0.18007482650828552
2024-12-16,0.17663651961459859
2024-12-17,0.18433646870227866
2024-12-18,0.17347052073788388
2024-12-19,0.18524290118432243
2024-12-20,0.19618708049727107
2024-12-23,0.164081097513729
2024-12-24,0.15962050993175989
2024-12-26,0.15499804226850372
2024-12-27,0.15570586697082406
2024-12-30,0.13650356228914676
